,Insect,Date,Crop,Temperature,Number of Insects,Season,Humidity,Location,Crop Habitat,Wind,Rain,Sunlight,Egg Hatch,Infestation
1,2,01/06/2020 00:00,1,0,7,4,0,0,0,0,1,5,0,0
4,2,02/06/2020 00:00,1,1,15,4,0,0,0,1,0,10,0,0
7,2,03/06/2020 00:00,1,2,15,4,0,0,0,0,1,9,0,0
10,2,04/06/2020 00:00,1,2,16,4,1,0,0,0,0,8,1,0
13,2,05/06/2020 00:00,1,2,12,4,1,0,0,0,0,10,0,0
16,2,06/06/2020 00:00,1,2,17,4,1,0,0,0,0,12,0,0
19,2,07/06/2020 00:00,1,1,23,4,1,0,0,0,0,11,0,0
22,2,08/06/2020 00:00,1,2,30,4,1,0,0,0,0,12,0,0
25,2,09/06/2020 00:00,1,1,34,4,1,0,0,0,0,14,0,1
28,2,10/06/2020 00:00,1,2,10,4,0,0,0,0,0,12,0,0
31,2,11/06/2020 00:00,1,2,12,4,0,0,0,0,1,14,0,0
34,2,12/06/2020 00:00,1,2,11,4,0,0,0,0,1,11,0,0
37,2,13/06/2020 00:00,1,1,13,4,0,0,0,1,1,9,0,0
40,2,14/06/2020 00:00,1,2,14,4,0,0,0,1,0,7,0,0
43,2,15/06/2020 00:00,1,3,22,4,0,0,0,0,0,12,1,0
46,2,16/06/2020 00:00,1,1,10,4,0,0,0,1,1,9,0,0
49,2,17/06/2020 00:00,1,0,6,4,0,0,0,0,1,4,0,0
52,2,18/06/2020 00:00,1,0,7,4,0,0,0,0,0,6,0,0
55,2,19/06/2020 00:00,1,1,7,4,0,0,0,1,1,12,0,0
58,2,20/06/2020 00:00,1,3,19,4,0,0,0,0,0,14,0,0
61,2,21/06/2020 00:00,1,2,26,4,0,0,0,0,0,13,0,0
64,2,22/06/2020 00:00,1,2,10,4,0,0,0,0,1,13,0,0
67,2,23/06/2020 00:00,1,2,15,4,0,0,0,1,0,12,0,0
70,2,24/06/2020 00:00,1,2,24,4,0,0,0,0,0,14,1,0
73,2,25/06/2020 00:00,1,2,12,4,0,0,0,0,1,11,0,0
76,2,26/06/2020 00:00,1,1,7,4,0,0,0,1,1,10,0,0
79,2,27/06/2020 00:00,1,3,14,4,0,0,0,0,1,11,0,0
82,2,28/06/2020 00:00,1,1,17,4,0,0,0,0,1,8,0,0
85,2,29/06/2020 00:00,1,0,4,4,0,0,0,1,0,5,0,0
88,2,30/06/2020 00:00,1,0,9,4,0,0,0,0,0,5,0,0
91,2,01/07/2020 00:00,1,0,4,4,0,0,0,0,1,6,0,0
94,2,02/07/2020 00:00,1,2,15,4,1,0,0,0,0,10,0,0
97,2,03/07/2020 00:00,1,2,17,4,1,0,0,0,0,12,0,0
100,2,04/07/2020 00:00,1,1,23,4,1,0,0,0,0,11,0,0
103,2,05/07/2020 00:00,1,2,29,4,1,0,0,0,0,13,1,0
106,2,06/07/2020 00:00,1,1,37,4,1,0,0,0,0,14,0,1
109,2,07/07/2020 00:00,1,2,11,4,0,0,0,0,0,12,0,0
112,2,08/07/2020 00:00,1,2,12,4,0,0,0,0,1,14,0,0
115,2,09/07/2020 00:00,1,2,8,4,0,0,0,0,1,8,0,0
118,2,10/07/2020 00:00,1,1,5,4,0,0,0,1,1,9,0,0
121,2,11/07/2020 00:00,1,2,16,4,0,0,0,1,0,7,0,0
124,2,12/07/2020 00:00,1,3,21,4,0,0,0,0,0,7,1,0
127,2,13/07/2020 00:00,1,0,9,4,0,0,0,1,1,6,0,0
130,2,14/07/2020 00:00,1,0,8,4,0,0,0,1,1,5,0,0
133,2,15/07/2020 00:00,1,0,7,4,0,0,0,0,0,5,0,0
136,2,16/07/2020 00:00,1,0,5,4,0,0,0,1,0,4,0,0
139,2,17/07/2020 00:00,1,0,5,4,0,0,0,0,1,5,0,0
142,2,18/07/2020 00:00,1,1,12,4,0,0,0,1,0,10,0,0
145,2,19/07/2020 00:00,1,2,18,4,0,0,0,0,1,9,0,0
148,2,20/07/2020 00:00,1,2,21,4,1,0,0,0,0,8,1,0
151,2,21/07/2020 00:00,1,2,24,4,1,0,0,0,0,11,0,0
154,2,22/07/2020 00:00,1,1,28,4,1,0,0,0,0,14,0,0
157,2,23/07/2020 00:00,1,2,33,4,1,0,0,0,0,13,0,0
160,2,24/07/2020 00:00,1,1,36,4,1,0,0,0,0,10,0,1
163,2,25/07/2020 00:00,1,0,5,4,0,0,0,0,1,5,0,0
166,2,26/07/2020 00:00,1,0,4,4,0,0,0,0,0,4,0,0
169,2,27/07/2020 00:00,1,1,7,4,0,0,0,1,1,13,0,0
172,2,28/07/2020 00:00,1,3,19,4,0,0,0,0,0,11,0,0
175,2,29/07/2020 00:00,1,2,23,4,0,0,0,0,0,12,0,0
178,2,30/07/2020 00:00,1,2,8,4,0,0,0,0,1,10,0,0
181,2,31/07/2020 00:00,1,2,15,4,0,0,0,1,0,12,0,0
184,2,01/08/2020 00:00,1,2,22,4,0,0,0,0,0,14,1,0
187,2,02/08/2020 00:00,1,2,9,4,0,0,0,0,1,11,0,0
190,2,03/08/2020 00:00,1,1,8,4,0,0,0,1,1,10,0,0
193,2,04/08/2020 00:00,1,3,10,4,0,0,0,0,1,11,0,0
196,2,05/08/2020 00:00,1,1,15,4,0,0,0,0,1,8,0,0
199,2,06/08/2020 00:00,1,0,4,4,0,0,0,1,0,5,0,0
202,2,07/08/2020 00:00,1,0,10,4,0,0,0,0,0,5,0,0
205,2,08/08/2020 00:00,1,0,6,4,0,0,0,0,1,6,0,0
208,2,09/08/2020 00:00,1,2,17,4,1,0,0,0,0,11,0,0
211,2,10/08/2020 00:00,1,2,16,4,1,0,0,0,0,13,0,0
214,2,11/08/2020 00:00,1,1,24,4,1,0,0,0,0,11,0,0
217,2,12/08/2020 00:00,1,2,32,4,1,0,0,0,0,13,1,0
220,2,13/08/2020 00:00,1,1,38,4,1,0,0,0,0,12,0,1
223,2,14/08/2020 00:00,1,2,12,4,0,0,0,0,0,14,0,0
226,2,15/08/2020 00:00,1,2,12,4,0,0,0,0,1,11,0,0
229,2,16/08/2020 00:00,1,2,6,4,0,0,0,0,1,8,0,0
232,2,17/08/2020 00:00,1,1,6,4,0,0,0,1,1,9,0,0
235,2,18/08/2020 00:00,1,2,15,4,0,0,0,1,0,7,0,0
238,2,19/08/2020 00:00,1,3,27,4,0,0,0,0,0,7,1,0
241,2,20/08/2020 00:00,1,0,7,4,0,0,0,1,1,6,0,0
244,2,21/08/2020 00:00,1,1,7,4,0,0,0,1,1,5,0,0
247,2,22/08/2020 00:00,1,0,7,4,0,0,0,0,0,5,0,0
250,2,23/08/2020 00:00,1,0,6,4,0,0,0,1,0,4,0,0
253,2,24/08/2020 00:00,1,0,4,4,0,0,0,0,1,5,0,0
256,2,25/08/2020 00:00,1,1,13,4,0,0,0,1,0,10,0,0
259,2,26/08/2020 00:00,1,2,18,4,0,0,0,0,1,9,0,0
262,2,27/08/2020 00:00,1,2,20,4,1,0,0,0,0,11,0,0
265,2,28/08/2020 00:00,1,2,23,4,1,0,0,0,0,14,1,0
268,2,29/08/2020 00:00,1,1,27,4,1,0,0,0,0,14,0,0
271,2,30/08/2020 00:00,1,2,32,4,1,0,0,0,0,13,0,0
274,2,31/08/2020 00:00,1,1,37,4,1,0,0,0,0,10,0,1
277,2,01/09/2020 00:00,1,0,2,4,0,0,0,0,1,4,0,0
280,2,02/09/2020 00:00,1,0,5,4,0,0,0,0,0,6,0,0
283,2,03/09/2020 00:00,1,1,9,4,0,0,0,1,1,12,0,0
286,2,04/09/2020 00:00,1,3,15,4,0,0,0,0,0,13,0,0
289,2,05/09/2020 00:00,1,2,23,4,0,0,0,0,0,8,0,0
292,2,06/09/2020 00:00,1,2,8,4,0,0,0,0,1,9,0,0
295,2,07/09/2020 00:00,1,2,15,4,0,0,0,1,0,11,0,0
298,2,08/09/2020 00:00,1,2,22,4,0,0,0,0,0,14,1,0
301,2,09/09/2020 00:00,1,2,8,4,0,0,0,0,1,11,0,0
304,2,10/09/2020 00:00,1,1,8,4,0,0,0,1,1,10,0,0
307,2,11/09/2020 00:00,1,3,11,4,0,0,0,0,1,14,0,0
310,2,12/09/2020 00:00,1,1,15,4,0,0,0,0,1,9,0,0
313,2,13/09/2020 00:00,1,0,4,4,0,0,0,1,0,2,0,0
316,2,14/09/2020 00:00,1,0,8,4,0,0,0,0,0,5,0,0
319,2,15/09/2020 00:00,1,0,5,4,0,0,0,0,1,6,0,0
322,2,16/09/2020 00:00,1,2,16,4,1,0,0,0,0,10,0,0
325,2,17/09/2020 00:00,1,2,18,4,1,0,0,0,0,12,0,0
328,2,18/09/2020 00:00,1,1,25,4,1,0,0,0,0,11,0,0
331,2,19/09/2020 00:00,1,2,33,4,1,0,0,0,0,13,1,0
334,2,20/09/2020 00:00,1,1,40,4,1,0,0,0,0,12,0,1
337,2,21/09/2020 00:00,1,2,11,4,0,0,0,0,0,14,0,0
340,2,22/09/2020 00:00,1,2,12,4,0,0,0,0,1,11,0,0
343,2,23/09/2020 00:00,1,2,7,4,0,0,0,0,1,8,0,0
346,2,24/09/2020 00:00,1,1,6,4,0,0,0,1,1,9,0,0
349,2,25/09/2020 00:00,1,2,13,4,0,0,0,1,0,7,0,0
352,2,26/09/2020 00:00,1,3,23,4,0,0,0,0,0,7,1,0
355,2,27/09/2020 00:00,1,1,7,4,0,0,0,1,1,6,0,0
358,2,28/09/2020 00:00,1,0,6,4,0,0,0,1,1,5,0,0
361,2,29/09/2020 00:00,1,0,8,4,0,0,0,0,0,5,0,0
364,2,30/09/2020 00:00,1,0,6,4,0,0,0,1,0,4,0,0
367,2,01/10/2020 00:00,1,0,4,4,0,0,0,0,1,5,0,0
370,2,02/10/2020 00:00,1,1,14,4,0,0,0,1,0,10,0,0
373,2,03/10/2020 00:00,1,2,18,4,0,0,0,0,1,9,0,0
376,2,04/10/2020 00:00,1,2,22,4,1,0,0,0,0,11,0,0
379,2,05/10/2020 00:00,1,2,26,4,1,0,0,0,0,14,1,0
382,2,06/10/2020 00:00,1,1,31,4,1,0,0,0,0,12,0,0
385,2,07/10/2020 00:00,1,2,34,4,1,0,0,0,0,13,0,0
388,2,08/10/2020 00:00,1,1,38,4,1,0,0,0,0,10,0,1
391,2,09/10/2020 00:00,1,0,5,4,0,0,0,0,1,5,0,0
394,2,10/10/2020 00:00,1,0,4,4,0,0,0,0,0,4,0,0
397,2,11/10/2020 00:00,1,1,9,4,0,0,0,1,1,12,0,0
400,2,12/10/2020 00:00,1,3,20,4,0,0,0,0,0,13,0,0
403,2,13/10/2020 00:00,1,2,25,4,0,0,0,0,0,12,0,0
406,2,14/10/2020 00:00,1,2,8,4,0,0,0,0,1,11,0,0
409,2,15/10/2020 00:00,1,2,16,4,0,0,0,1,0,12,0,0
412,2,16/10/2020 00:00,1,2,22,4,0,0,0,0,0,14,1,0
415,2,17/10/2020 00:00,1,2,7,4,0,0,0,0,1,11,0,0
418,2,18/10/2020 00:00,1,1,9,4,0,0,0,1,1,10,0,0
421,2,19/10/2020 00:00,1,3,9,4,0,0,0,0,1,11,0,0
424,2,20/10/2020 00:00,1,1,15,4,0,0,0,0,1,8,0,0
427,2,21/10/2020 00:00,1,0,4,4,0,0,0,1,0,5,0,0
430,2,22/10/2020 00:00,1,0,9,4,0,0,0,0,0,5,0,0
433,2,23/10/2020 00:00,1,0,6,4,0,0,0,0,1,6,0,0
436,2,24/10/2020 00:00,1,2,17,4,1,0,0,0,0,11,0,0
439,2,25/10/2020 00:00,1,2,17,4,1,0,0,0,0,13,0,0
442,2,26/10/2020 00:00,1,1,23,4,1,0,0,0,0,11,0,0
445,2,27/10/2020 00:00,1,2,32,4,1,0,0,0,0,13,1,0
448,2,28/10/2020 00:00,1,1,40,4,1,0,0,0,0,12,0,1
451,2,29/10/2020 00:00,1,2,11,4,0,0,0,0,0,14,0,0
454,2,30/10/2020 00:00,1,2,12,4,0,0,0,0,1,11,0,0
457,2,31/10/2020 00:00,1,2,7,4,0,0,0,0,1,8,0,0
460,2,01/11/2020 00:00,1,1,5,4,0,0,0,1,1,9,0,0
463,2,02/11/2020 00:00,1,2,13,4,0,0,0,1,0,7,0,0
466,2,03/11/2020 00:00,1,1,32,4,0,0,0,0,0,7,1,0
469,2,04/11/2020 00:00,1,0,6,4,0,0,0,1,1,3,0,0
472,2,05/11/2020 00:00,1,0,5,4,0,0,0,1,1,5,0,0
475,2,06/11/2020 00:00,1,0,7,4,0,0,0,0,0,5,0,0
478,2,07/11/2020 00:00,1,0,8,4,0,0,0,1,0,4,0,0
481,2,08/11/2020 00:00,1,0,5,4,0,0,0,0,1,5,0,0
484,2,09/11/2020 00:00,1,1,13,4,0,0,0,1,0,10,0,0
487,2,10/11/2020 00:00,1,2,18,4,0,0,0,0,1,9,0,0
490,2,11/11/2020 00:00,1,2,20,4,1,0,0,0,0,11,0,0
493,2,12/11/2020 00:00,1,2,23,4,1,0,0,0,0,14,1,0
496,2,13/11/2020 00:00,1,1,27,4,1,0,0,0,0,14,0,0
499,2,14/11/2020 00:00,1,2,32,4,1,0,0,0,0,13,0,0
502,2,15/11/2020 00:00,1,1,37,4,1,0,0,0,0,10,0,1
505,2,16/11/2020 00:00,1,3,16,4,0,0,0,0,1,12,0,0
508,2,17/11/2020 00:00,1,1,17,4,0,0,0,0,1,9,0,0
511,2,18/11/2020 00:00,1,0,9,4,0,0,0,1,0,6,0,0
514,2,19/11/2020 00:00,1,0,9,4,0,0,0,0,0,5,0,0
517,2,20/11/2020 00:00,1,0,3,4,0,0,0,0,1,6,0,0
520,2,21/11/2020 00:00,1,2,13,4,1,0,0,0,0,9,0,0
523,2,22/11/2020 00:00,1,2,17,4,1,0,0,0,0,12,0,0
526,2,23/11/2020 00:00,1,1,25,4,1,0,0,0,0,11,0,0
529,2,24/11/2020 00:00,1,2,30,4,1,0,0,0,0,13,1,0
532,2,25/11/2020 00:00,1,1,38,4,1,0,0,0,0,14,0,1
535,2,26/11/2020 00:00,1,2,12,4,0,0,0,0,0,12,0,0
538,2,27/11/2020 00:00,1,2,12,4,0,0,0,0,1,14,0,0
541,2,28/11/2020 00:00,1,2,8,4,0,0,0,0,1,8,0,0
544,2,29/11/2020 00:00,1,1,8,4,0,0,0,1,1,9,0,0
547,2,30/11/2020 00:00,1,2,15,4,0,0,0,1,0,7,0,0
550,2,01/12/2020 00:00,1,3,25,4,0,0,0,0,0,7,1,0
553,2,02/12/2020 00:00,1,1,9,4,0,0,0,1,1,6,0,0
556,2,03/12/2020 00:00,1,0,8,4,0,0,0,1,1,5,0,0
559,2,04/12/2020 00:00,1,0,5,4,0,0,0,1,0,4,0,0
562,2,05/12/2020 00:00,1,0,5,4,0,0,0,0,1,5,0,0
565,2,06/12/2020 00:00,1,1,12,4,0,0,0,1,0,10,0,0
568,2,07/12/2020 00:00,1,2,18,4,0,0,0,0,1,9,0,0
571,2,08/12/2020 00:00,1,2,21,4,1,0,0,0,0,8,1,0
574,2,09/12/2020 00:00,1,2,26,4,1,0,0,0,0,11,0,0
577,2,10/12/2020 00:00,1,1,28,4,1,0,0,0,0,14,0,0
580,2,11/12/2020 00:00,1,2,33,4,1,0,0,0,0,13,0,0
583,2,12/12/2020 00:00,1,1,36,4,1,0,0,0,0,10,0,1
586,2,13/12/2020 00:00,1,0,6,4,0,0,0,1,0,5,0,0
589,2,14/12/2020 00:00,1,0,5,4,0,0,0,0,1,6,0,0
592,2,15/12/2020 00:00,1,1,11,4,0,0,0,1,0,9,0,0
595,2,16/12/2020 00:00,1,2,15,4,0,0,0,0,1,10,0,0
598,2,17/12/2020 00:00,1,2,23,4,1,0,0,0,0,12,0,0
601,2,18/12/2020 00:00,1,2,26,4,1,0,0,0,0,14,1,0
604,2,19/12/2020 00:00,1,1,33,4,1,0,0,0,0,12,0,0
607,2,20/12/2020 00:00,1,2,36,4,1,0,0,0,0,12,0,0
610,2,21/12/2020 00:00,1,1,39,4,1,0,0,0,0,11,0,1
613,2,22/12/2020 00:00,1,0,5,4,0,0,0,0,1,6,0,0
616,2,23/12/2020 00:00,1,0,4,4,0,0,0,0,0,4,0,0
619,2,24/12/2020 00:00,1,1,8,4,0,0,0,1,1,10,0,0
622,2,25/12/2020 00:00,1,3,21,4,0,0,0,0,0,12,0,0
625,2,26/12/2020 00:00,1,2,35,4,0,0,0,0,0,12,0,0
628,2,27/12/2020 00:00,1,2,9,4,0,0,0,0,1,11,0,0
631,2,28/12/2020 00:00,1,2,16,4,0,0,0,1,0,12,0,0
634,2,29/12/2020 00:00,1,2,25,4,0,0,0,0,0,14,1,0
637,2,30/12/2020 00:00,1,2,9,4,0,0,0,0,1,11,0,0
640,2,31/12/2020 00:00,1,1,8,4,0,0,0,1,1,10,0,0
643,2,01/01/2021 00:00,1,3,15,4,0,0,0,0,1,8,0,0
646,2,02/01/2021 00:00,1,1,7,4,0,0,0,0,1,5,0,0
649,2,03/01/2021 00:00,1,1,15,4,0,0,0,1,0,10,0,0
652,2,04/01/2021 00:00,1,2,15,4,0,0,0,0,1,9,0,0
655,2,05/01/2021 00:00,1,2,16,4,1,0,0,0,0,8,1,0
658,2,06/01/2021 00:00,1,2,12,4,1,0,0,0,0,10,0,0
661,2,07/01/2021 00:00,1,2,17,4,1,0,0,0,0,12,0,0
664,2,08/01/2021 00:00,1,1,23,4,1,0,0,0,0,11,0,0
667,2,09/01/2021 00:00,1,2,30,4,1,0,0,0,0,12,0,0
670,2,10/01/2021 00:00,1,1,34,4,1,0,0,0,0,14,0,1
673,2,11/01/2021 00:00,1,2,10,4,0,0,0,0,0,12,0,0
676,2,12/01/2021 00:00,1,2,12,4,0,0,0,0,1,14,0,0
679,2,13/01/2021 00:00,1,2,11,4,0,0,0,0,1,11,0,0
682,2,14/01/2021 00:00,1,1,13,4,0,0,0,1,1,9,0,0
685,2,15/01/2021 00:00,1,2,14,4,0,0,0,1,0,7,0,0
688,2,16/01/2021 00:00,1,3,22,4,0,0,0,0,0,12,1,0
691,2,17/01/2021 00:00,1,1,10,4,0,0,0,1,1,9,0,0
694,2,18/01/2021 00:00,1,0,6,4,0,0,0,0,1,4,0,0
697,2,19/01/2021 00:00,1,0,7,4,0,0,0,0,0,6,0,0
700,2,20/01/2021 00:00,1,1,7,4,0,0,0,1,1,12,0,0
703,2,21/01/2021 00:00,1,3,19,4,0,0,0,0,0,14,0,0
706,2,22/01/2021 00:00,1,2,26,4,0,0,0,0,0,13,0,0
709,2,23/01/2021 00:00,1,2,10,4,0,0,0,0,1,13,0,0
712,2,24/01/2021 00:00,1,2,15,4,0,0,0,1,0,12,0,0
715,2,25/01/2021 00:00,1,2,24,4,0,0,0,0,0,14,1,0
718,2,26/01/2021 00:00,1,2,12,4,0,0,0,0,1,11,0,0
721,2,27/01/2021 00:00,1,1,7,4,0,0,0,1,1,10,0,0
724,2,28/01/2021 00:00,1,3,14,4,0,0,0,0,1,11,0,0
727,2,29/01/2021 00:00,1,1,17,4,0,0,0,0,1,8,0,0
730,2,30/01/2021 00:00,1,0,4,4,0,0,0,1,0,5,0,0
733,2,31/01/2021 00:00,1,0,9,4,0,0,0,0,0,5,0,0
736,2,01/02/2021 00:00,1,1,5,4,0,0,0,1,1,9,0,0
739,2,02/02/2021 00:00,1,2,13,4,0,0,0,1,0,7,0,0
742,2,03/02/2021 00:00,1,3,32,4,0,0,0,0,0,7,1,0
745,2,04/02/2021 00:00,1,0,6,4,0,0,0,1,1,3,0,0
748,2,05/02/2021 00:00,1,0,5,4,0,0,0,1,1,5,0,0
751,2,06/02/2021 00:00,1,0,7,4,0,0,0,0,0,5,0,0
754,2,07/02/2021 00:00,1,0,8,4,0,0,0,1,0,4,0,0
757,2,08/02/2021 00:00,1,0,5,4,0,0,0,0,1,5,0,0
760,2,09/02/2021 00:00,1,1,13,4,0,0,0,1,0,10,0,0
763,2,10/02/2021 00:00,1,2,18,4,0,0,0,0,1,9,0,0
766,2,11/02/2021 00:00,1,2,20,4,1,0,0,0,0,11,0,0
769,2,12/02/2021 00:00,1,2,23,4,1,0,0,0,0,14,1,0
772,2,13/02/2021 00:00,1,1,27,4,1,0,0,0,0,14,0,0
775,2,14/02/2021 00:00,1,2,32,4,1,0,0,0,0,13,0,0
778,2,15/02/2021 00:00,1,1,37,4,1,0,0,0,0,10,0,1
781,2,16/02/2021 00:00,1,3,16,4,0,0,0,0,1,12,0,0
784,2,17/02/2021 00:00,1,1,17,4,0,0,0,0,1,9,0,0
787,2,18/02/2021 00:00,1,0,9,4,0,0,0,1,0,6,0,0
790,2,19/02/2021 00:00,1,0,9,4,0,0,0,0,0,5,0,0
793,2,20/02/2021 00:00,1,0,3,4,0,0,0,0,1,6,0,0
796,2,21/02/2021 00:00,1,2,13,4,1,0,0,0,0,9,0,0
799,2,22/02/2021 00:00,1,2,17,4,1,0,0,0,0,12,0,0
802,2,23/02/2021 00:00,1,1,25,4,1,0,0,0,0,11,0,0
805,2,24/02/2021 00:00,1,2,30,4,1,0,0,0,0,13,1,0
808,2,25/02/2021 00:00,1,1,38,4,1,0,0,0,0,14,0,1
811,2,26/02/2021 00:00,1,2,12,4,0,0,0,0,0,12,0,0
814,2,27/02/2021 00:00,1,2,12,4,0,0,0,0,1,14,0,0
817,2,28/02/2021 00:00,1,2,8,4,0,0,0,0,1,8,0,0
820,2,01/03/2021 00:00,1,1,8,4,0,0,0,1,1,9,0,0
823,2,02/03/2021 00:00,1,2,15,4,0,0,0,1,0,7,0,0
826,2,03/03/2021 00:00,1,1,8,4,0,0,0,1,1,10,0,0
829,2,04/03/2021 00:00,1,3,10,4,0,0,0,0,1,11,0,0
832,2,05/03/2021 00:00,1,1,15,4,0,0,0,0,1,8,0,0
835,2,06/03/2021 00:00,1,0,4,4,0,0,0,1,0,5,0,0
838,2,07/03/2021 00:00,1,0,10,4,0,0,0,0,0,5,0,0
841,2,08/03/2021 00:00,1,0,6,4,0,0,0,0,1,6,0,0
844,2,09/03/2021 00:00,1,2,17,4,1,0,0,0,0,11,0,0
847,2,10/03/2021 00:00,1,2,16,4,1,0,0,0,0,13,0,0
850,2,11/03/2021 00:00,1,1,24,4,1,0,0,0,0,11,0,0
853,2,12/03/2021 00:00,1,2,32,4,1,0,0,0,0,13,1,0
856,2,13/03/2021 00:00,1,1,38,4,1,0,0,0,0,12,0,1
859,2,14/03/2021 00:00,1,2,12,4,0,0,0,0,0,14,0,0
862,2,15/03/2021 00:00,1,2,12,4,0,0,0,0,1,11,0,0
865,2,16/03/2021 00:00,1,2,6,4,0,0,0,0,1,8,0,0
868,2,17/03/2021 00:00,1,1,6,4,0,0,0,1,1,9,0,0
871,2,18/03/2021 00:00,1,2,15,4,0,0,0,1,0,7,0,0
874,2,19/03/2021 00:00,1,3,27,4,0,0,0,0,0,7,1,0
877,2,20/03/2021 00:00,1,0,7,4,0,0,0,1,1,6,0,0
880,2,21/03/2021 00:00,1,1,7,4,0,0,0,1,1,5,0,0
883,2,22/03/2021 00:00,1,0,7,4,0,0,0,0,0,5,0,0
886,2,23/03/2021 00:00,1,0,6,4,0,0,0,1,0,4,0,0
889,2,24/03/2021 00:00,1,0,4,4,0,0,0,0,1,5,0,0
892,2,25/03/2021 00:00,1,1,13,4,0,0,0,1,0,10,0,0
895,2,26/03/2021 00:00,1,2,18,4,0,0,0,0,1,9,0,0
898,2,27/03/2021 00:00,1,2,20,4,1,0,0,0,0,11,0,0
901,2,28/03/2021 00:00,1,2,23,4,1,0,0,0,0,14,1,0
904,2,29/03/2021 00:00,1,1,27,4,1,0,0,0,0,14,0,0
907,2,30/03/2021 00:00,1,2,32,4,1,0,0,0,0,13,0,0
910,2,31/03/2021 00:00,1,1,37,4,1,0,0,0,0,10,0,1
913,2,01/04/2021 00:00,1,0,4,4,0,0,0,0,1,6,0,0
916,2,02/04/2021 00:00,1,2,15,4,1,0,0,0,0,10,0,0
919,2,03/04/2021 00:00,1,2,17,4,1,0,0,0,0,12,0,0
922,2,04/04/2021 00:00,1,1,23,4,1,0,0,0,0,11,0,0
925,2,05/04/2021 00:00,1,2,29,4,1,0,0,0,0,13,1,0
928,2,06/04/2021 00:00,1,1,37,4,1,0,0,0,0,14,0,1
931,2,07/04/2021 00:00,1,2,11,4,0,0,0,0,0,12,0,0
934,2,08/04/2021 00:00,1,2,12,4,0,0,0,0,1,14,0,0
937,2,09/04/2021 00:00,1,2,8,4,0,0,0,0,1,8,0,0
940,2,10/04/2021 00:00,1,1,5,4,0,0,0,1,1,9,0,0
943,2,11/04/2021 00:00,1,2,16,4,0,0,0,1,0,7,0,0
946,2,12/04/2021 00:00,1,3,21,4,0,0,0,0,0,7,1,0
949,2,13/04/2021 00:00,1,0,9,4,0,0,0,1,1,6,0,0
952,2,14/04/2021 00:00,1,0,8,4,0,0,0,1,1,5,0,0
955,2,15/04/2021 00:00,1,0,7,4,0,0,0,0,0,5,0,0
958,2,16/04/2021 00:00,1,0,5,4,0,0,0,1,0,4,0,0
961,2,17/04/2021 00:00,1,0,5,4,0,0,0,0,1,5,0,0
964,2,18/04/2021 00:00,1,1,12,4,0,0,0,1,0,10,0,0
967,2,19/04/2021 00:00,1,2,18,4,0,0,0,0,1,9,0,0
970,2,20/04/2021 00:00,1,2,21,4,1,0,0,0,0,8,1,0
973,2,21/04/2021 00:00,1,2,24,4,1,0,0,0,0,11,0,0
976,2,22/04/2021 00:00,1,1,28,4,1,0,0,0,0,14,0,0
979,2,23/04/2021 00:00,1,2,33,4,1,0,0,0,0,13,0,0
982,2,24/04/2021 00:00,1,1,36,4,1,0,0,0,0,10,0,1
985,2,25/04/2021 00:00,1,0,5,4,0,0,0,0,1,5,0,0
988,2,26/04/2021 00:00,1,0,4,4,0,0,0,0,0,4,0,0
991,2,27/04/2021 00:00,1,1,7,4,0,0,0,1,1,13,0,0
994,2,28/04/2021 00:00,1,3,19,4,0,0,0,0,0,11,0,0
997,2,29/04/2021 00:00,1,2,23,4,0,0,0,0,0,12,0,0
1000,2,30/04/2021 00:00,1,2,8,4,0,0,0,0,1,10,0,0
1003,2,01/05/2021 00:00,1,2,15,4,0,0,0,1,0,12,0,0
1006,2,02/05/2021 00:00,1,0,4,4,0,0,0,0,1,5,0,0
1009,2,03/05/2021 00:00,1,1,14,4,0,0,0,1,0,10,0,0
1012,2,04/05/2021 00:00,1,2,18,4,0,0,0,0,1,9,0,0
1015,2,05/05/2021 00:00,1,2,22,4,1,0,0,0,0,11,0,0
1018,2,06/05/2021 00:00,1,2,26,4,1,0,0,0,0,14,1,0
1021,2,07/05/2021 00:00,1,1,31,4,1,0,0,0,0,12,0,0
1024,2,08/05/2021 00:00,1,2,34,4,1,0,0,0,0,13,0,0
1027,2,09/05/2021 00:00,1,1,38,4,1,0,0,0,0,10,0,1
1030,2,10/05/2021 00:00,1,0,5,4,0,0,0,0,1,5,0,0
1033,2,11/05/2021 00:00,1,0,4,4,0,0,0,0,0,4,0,0
1036,2,12/05/2021 00:00,1,1,9,4,0,0,0,1,1,12,0,0
1039,2,13/05/2021 00:00,1,3,20,4,0,0,0,0,0,13,0,0
1042,2,14/05/2021 00:00,1,2,25,4,0,0,0,0,0,12,0,0
1045,2,15/05/2021 00:00,1,2,8,4,0,0,0,0,1,11,0,0
1048,2,16/05/2021 00:00,1,2,16,4,0,0,0,1,0,12,0,0
1051,2,17/05/2021 00:00,1,2,22,4,0,0,0,0,0,14,1,0
1054,2,18/05/2021 00:00,1,2,7,4,0,0,0,0,1,11,0,0
1057,2,19/05/2021 00:00,1,1,9,4,0,0,0,1,1,10,0,0
1060,2,20/05/2021 00:00,1,3,9,4,0,0,0,0,1,11,0,0
1063,2,21/05/2021 00:00,1,1,15,4,0,0,0,0,1,8,0,0
1066,2,22/05/2021 00:00,1,0,4,4,0,0,0,1,0,5,0,0
1069,2,23/05/2021 00:00,1,0,9,4,0,0,0,0,0,5,0,0
1072,2,24/05/2021 00:00,1,0,6,4,0,0,0,0,1,6,0,0
1075,2,25/05/2021 00:00,1,2,17,4,1,0,0,0,0,11,0,0
1078,2,26/05/2021 00:00,1,2,17,4,1,0,0,0,0,13,0,0
1081,2,27/05/2021 00:00,1,1,23,4,1,0,0,0,0,11,0,0
1084,2,28/05/2021 00:00,1,2,32,4,1,0,0,0,0,13,1,0
1087,2,29/05/2021 00:00,1,1,40,4,1,0,0,0,0,12,0,1
1090,2,30/05/2021 00:00,1,2,11,4,0,0,0,0,0,14,0,0
1093,2,31/05/2021 00:00,1,2,12,4,0,0,0,0,1,11,0,0
1096,2,01/06/2021 00:00,1,0,7,4,0,0,0,0,1,5,0,0
1099,2,02/06/2021 00:00,1,1,15,4,0,0,0,1,0,10,0,0
1102,2,03/06/2021 00:00,1,2,15,4,0,0,0,0,1,9,0,0
1105,2,04/06/2021 00:00,1,2,16,4,1,0,0,0,0,8,1,0
1108,2,05/06/2021 00:00,1,2,12,4,1,0,0,0,0,10,0,0
1111,2,06/06/2021 00:00,1,2,17,4,1,0,0,0,0,12,0,0
1114,2,07/06/2021 00:00,1,1,23,4,1,0,0,0,0,11,0,0
1117,2,08/06/2021 00:00,1,2,30,4,1,0,0,0,0,12,0,0
1120,2,09/06/2021 00:00,1,1,34,4,1,0,0,0,0,14,0,1
1123,2,10/06/2021 00:00,1,2,10,4,0,0,0,0,0,12,0,0
1126,2,11/06/2021 00:00,1,2,12,4,0,0,0,0,1,14,0,0
1129,2,12/06/2021 00:00,1,2,11,4,0,0,0,0,1,11,0,0
1132,2,13/06/2021 00:00,1,1,13,4,0,0,0,1,1,9,0,0
1135,2,14/06/2021 00:00,1,2,14,4,0,0,0,1,0,7,0,0
1138,2,15/06/2021 00:00,1,3,22,4,0,0,0,0,0,12,1,0
1141,2,16/06/2021 00:00,1,1,10,4,0,0,0,1,1,9,0,0
1144,2,17/06/2021 00:00,1,0,6,4,0,0,0,0,1,4,0,0
1147,2,18/06/2021 00:00,1,0,7,4,0,0,0,0,0,6,0,0
1150,2,19/06/2021 00:00,1,1,7,4,0,0,0,1,1,12,0,0
1153,2,20/06/2021 00:00,1,3,19,4,0,0,0,0,0,14,0,0
1156,2,21/06/2021 00:00,1,2,26,4,0,0,0,0,0,13,0,0
1159,2,22/06/2021 00:00,1,2,10,4,0,0,0,0,1,13,0,0
1162,2,23/06/2021 00:00,1,2,15,4,0,0,0,1,0,12,0,0
1165,2,24/06/2021 00:00,1,2,24,4,0,0,0,0,0,14,1,0
1168,2,25/06/2021 00:00,1,2,12,4,0,0,0,0,1,11,0,0
1171,2,26/06/2021 00:00,1,1,7,4,0,0,0,1,1,10,0,0
1174,2,27/06/2021 00:00,1,3,14,4,0,0,0,0,1,11,0,0
1177,2,28/06/2021 00:00,1,1,17,4,0,0,0,0,1,8,0,0
1180,2,29/06/2021 00:00,1,0,4,4,0,0,0,1,0,5,0,0
1183,2,30/06/2021 00:00,1,0,9,4,0,0,0,0,0,5,0,0
1186,2,01/07/2021 00:00,1,0,4,4,0,0,0,0,1,6,0,0
1189,2,02/07/2021 00:00,1,2,15,4,1,0,0,0,0,10,0,0
1192,2,03/07/2021 00:00,1,2,17,4,1,0,0,0,0,12,0,0
1195,2,04/07/2021 00:00,1,1,23,4,1,0,0,0,0,11,0,0
1198,2,05/07/2021 00:00,1,2,29,4,1,0,0,0,0,13,1,0
1201,2,06/07/2021 00:00,1,1,37,4,1,0,0,0,0,14,0,1
1204,2,07/07/2021 00:00,1,2,11,4,0,0,0,0,0,12,0,0
1207,2,08/07/2021 00:00,1,2,12,4,0,0,0,0,1,14,0,0
1210,2,09/07/2021 00:00,1,2,8,4,0,0,0,0,1,8,0,0
1213,2,10/07/2021 00:00,1,1,5,4,0,0,0,1,1,9,0,0
1216,2,11/07/2021 00:00,1,2,16,4,0,0,0,1,0,7,0,0
1219,2,12/07/2021 00:00,1,3,21,4,0,0,0,0,0,7,1,0
1222,2,13/07/2021 00:00,1,0,9,4,0,0,0,1,1,6,0,0
1225,2,14/07/2021 00:00,1,0,8,4,0,0,0,1,1,5,0,0
1228,2,15/07/2021 00:00,1,0,7,4,0,0,0,0,0,5,0,0
1231,2,16/07/2021 00:00,1,0,5,4,0,0,0,1,0,4,0,0
1234,2,17/07/2021 00:00,1,0,5,4,0,0,0,0,1,5,0,0
1237,2,18/07/2021 00:00,1,1,12,4,0,0,0,1,0,10,0,0
1240,2,19/07/2021 00:00,1,2,18,4,0,0,0,0,1,9,0,0
1243,2,20/07/2021 00:00,1,2,21,4,1,0,0,0,0,8,1,0
1246,2,21/07/2021 00:00,1,2,24,4,1,0,0,0,0,11,0,0
1249,2,22/07/2021 00:00,1,1,28,4,1,0,0,0,0,14,0,0
1252,2,23/07/2021 00:00,1,2,33,4,1,0,0,0,0,13,0,0
1255,2,24/07/2021 00:00,1,1,36,4,1,0,0,0,0,10,0,1
1258,2,25/07/2021 00:00,1,0,5,4,0,0,0,0,1,5,0,0
1261,2,26/07/2021 00:00,1,0,4,4,0,0,0,0,0,4,0,0
1264,2,27/07/2021 00:00,1,1,7,4,0,0,0,1,1,13,0,0
1267,2,28/07/2021 00:00,1,3,19,4,0,0,0,0,0,11,0,0
1270,2,29/07/2021 00:00,1,2,23,4,0,0,0,0,0,12,0,0
1273,2,30/07/2021 00:00,1,2,8,4,0,0,0,0,1,10,0,0
1276,2,31/07/2021 00:00,1,2,15,4,0,0,0,1,0,12,0,0
1279,2,01/08/2021 00:00,1,2,22,4,0,0,0,0,0,14,1,0
1282,2,02/08/2021 00:00,1,2,9,4,0,0,0,0,1,11,0,0
1285,2,03/08/2021 00:00,1,1,8,4,0,0,0,1,1,10,0,0
1288,2,04/08/2021 00:00,1,3,10,4,0,0,0,0,1,11,0,0
1291,2,05/08/2021 00:00,1,1,15,4,0,0,0,0,1,8,0,0
1294,2,06/08/2021 00:00,1,0,4,4,0,0,0,1,0,5,0,0
1297,2,07/08/2021 00:00,1,0,10,4,0,0,0,0,0,5,0,0
1300,2,08/08/2021 00:00,1,0,6,4,0,0,0,0,1,6,0,0
1303,2,09/08/2021 00:00,1,2,17,4,1,0,0,0,0,11,0,0
1306,2,10/08/2021 00:00,1,2,16,4,1,0,0,0,0,13,0,0
1309,2,11/08/2021 00:00,1,1,24,4,1,0,0,0,0,11,0,0
1312,2,12/08/2021 00:00,1,2,32,4,1,0,0,0,0,13,1,0
1315,2,13/08/2021 00:00,1,1,38,4,1,0,0,0,0,12,0,1
1318,2,14/08/2021 00:00,1,2,12,4,0,0,0,0,0,14,0,0
1321,2,15/08/2021 00:00,1,2,12,4,0,0,0,0,1,11,0,0
1324,2,16/08/2021 00:00,1,2,6,4,0,0,0,0,1,8,0,0
1327,2,17/08/2021 00:00,1,1,6,4,0,0,0,1,1,9,0,0
1330,2,18/08/2021 00:00,1,2,15,4,0,0,0,1,0,7,0,0
1333,2,19/08/2021 00:00,1,3,27,4,0,0,0,0,0,7,1,0
1336,2,20/08/2021 00:00,1,0,7,4,0,0,0,1,1,6,0,0
1339,2,21/08/2021 00:00,1,1,7,4,0,0,0,1,1,5,0,0
1342,2,22/08/2021 00:00,1,0,7,4,0,0,0,0,0,5,0,0
1345,2,23/08/2021 00:00,1,0,6,4,0,0,0,1,0,4,0,0
1348,2,24/08/2021 00:00,1,0,4,4,0,0,0,0,1,5,0,0
1351,2,25/08/2021 00:00,1,1,13,4,0,0,0,1,0,10,0,0
1354,2,26/08/2021 00:00,1,2,18,4,0,0,0,0,1,9,0,0
1357,2,27/08/2021 00:00,1,2,20,4,1,0,0,0,0,11,0,0
1360,2,28/08/2021 00:00,1,2,23,4,1,0,0,0,0,14,1,0
1363,2,29/08/2021 00:00,1,1,27,4,1,0,0,0,0,14,0,0
1366,2,30/08/2021 00:00,1,2,32,4,1,0,0,0,0,13,0,0
1369,2,31/08/2021 00:00,1,1,37,4,1,0,0,0,0,10,0,1
1372,2,01/09/2021 00:00,1,0,2,4,0,0,0,0,1,4,0,0
1375,2,02/09/2021 00:00,1,0,5,4,0,0,0,0,0,6,0,0
1378,2,03/09/2021 00:00,1,1,9,4,0,0,0,1,1,12,0,0
1381,2,04/09/2021 00:00,1,3,15,4,0,0,0,0,0,13,0,0
1384,2,05/09/2021 00:00,1,2,23,4,0,0,0,0,0,8,0,0
1387,2,06/09/2021 00:00,1,2,8,4,0,0,0,0,1,9,0,0
1390,2,07/09/2021 00:00,1,2,15,4,0,0,0,1,0,11,0,0
1393,2,08/09/2021 00:00,1,2,22,4,0,0,0,0,0,14,1,0
1396,2,09/09/2021 00:00,1,2,8,4,0,0,0,0,1,11,0,0
1399,2,10/09/2021 00:00,1,1,8,4,0,0,0,1,1,10,0,0
1402,2,11/09/2021 00:00,1,3,11,4,0,0,0,0,1,14,0,0
1405,2,12/09/2021 00:00,1,1,15,4,0,0,0,0,1,9,0,0
1408,2,13/09/2021 00:00,1,0,4,4,0,0,0,1,0,2,0,0
1411,2,14/09/2021 00:00,1,0,8,4,0,0,0,0,0,5,0,0
1414,2,15/09/2021 00:00,1,0,5,4,0,0,0,0,1,6,0,0
1417,2,16/09/2021 00:00,1,2,16,4,1,0,0,0,0,10,0,0
1420,2,17/09/2021 00:00,1,2,18,4,1,0,0,0,0,12,0,0
1423,2,18/09/2021 00:00,1,1,25,4,1,0,0,0,0,11,0,0
1426,2,19/09/2021 00:00,1,2,33,4,1,0,0,0,0,13,1,0
1429,2,20/09/2021 00:00,1,1,40,4,1,0,0,0,0,12,0,1
1432,2,21/09/2021 00:00,1,2,11,4,0,0,0,0,0,14,0,0
1435,2,22/09/2021 00:00,1,2,12,4,0,0,0,0,1,11,0,0
1438,2,23/09/2021 00:00,1,2,7,4,0,0,0,0,1,8,0,0
1441,2,24/09/2021 00:00,1,1,6,4,0,0,0,1,1,9,0,0
1444,2,25/09/2021 00:00,1,2,13,4,0,0,0,1,0,7,0,0
1447,2,26/09/2021 00:00,1,3,23,4,0,0,0,0,0,7,1,0
1450,2,27/09/2021 00:00,1,1,7,4,0,0,0,1,1,6,0,0
1453,2,28/09/2021 00:00,1,0,6,4,0,0,0,1,1,5,0,0
1456,2,29/09/2021 00:00,1,0,8,4,0,0,0,0,0,5,0,0
1459,2,30/09/2021 00:00,1,0,6,4,0,0,0,1,0,4,0,0
1462,2,01/10/2021 00:00,1,0,4,4,0,0,0,0,1,5,0,0
1465,2,02/10/2021 00:00,1,1,14,4,0,0,0,1,0,10,0,0
1468,2,03/10/2021 00:00,1,2,18,4,0,0,0,0,1,9,0,0
1471,2,04/10/2021 00:00,1,2,22,4,1,0,0,0,0,11,0,0
1474,2,05/10/2021 00:00,1,2,26,4,1,0,0,0,0,14,1,0
1477,2,06/10/2021 00:00,1,1,31,4,1,0,0,0,0,12,0,0
1480,2,07/10/2021 00:00,1,2,34,4,1,0,0,0,0,13,0,0
1483,2,08/10/2021 00:00,1,1,38,4,1,0,0,0,0,10,0,1
1486,2,09/10/2021 00:00,1,0,5,4,0,0,0,0,1,5,0,0
1489,2,10/10/2021 00:00,1,0,4,4,0,0,0,0,0,4,0,0
1492,2,11/10/2021 00:00,1,1,9,4,0,0,0,1,1,12,0,0
1495,2,12/10/2021 00:00,1,3,20,4,0,0,0,0,0,13,0,0
1498,2,13/10/2021 00:00,1,2,25,4,0,0,0,0,0,12,0,0
1501,2,14/10/2021 00:00,1,2,8,4,0,0,0,0,1,11,0,0
1504,2,15/10/2021 00:00,1,2,16,4,0,0,0,1,0,12,0,0
1507,2,16/10/2021 00:00,1,2,22,4,0,0,0,0,0,14,1,0
1510,2,17/10/2021 00:00,1,2,7,4,0,0,0,0,1,11,0,0
1513,2,18/10/2021 00:00,1,1,9,4,0,0,0,1,1,10,0,0
1516,2,19/10/2021 00:00,1,3,9,4,0,0,0,0,1,11,0,0
1519,2,20/10/2021 00:00,1,1,15,4,0,0,0,0,1,8,0,0
1522,2,21/10/2021 00:00,1,0,4,4,0,0,0,1,0,5,0,0
1525,2,22/10/2021 00:00,1,0,9,4,0,0,0,0,0,5,0,0
1528,2,23/10/2021 00:00,1,0,6,4,0,0,0,0,1,6,0,0
1531,2,24/10/2021 00:00,1,2,17,4,1,0,0,0,0,11,0,0
1534,2,25/10/2021 00:00,1,2,17,4,1,0,0,0,0,13,0,0
1537,2,26/10/2021 00:00,1,1,23,4,1,0,0,0,0,11,0,0
1540,2,27/10/2021 00:00,1,2,32,4,1,0,0,0,0,13,1,0
1543,2,28/10/2021 00:00,1,1,40,4,1,0,0,0,0,12,0,1
1546,2,29/10/2021 00:00,1,2,11,4,0,0,0,0,0,14,0,0
1549,2,30/10/2021 00:00,1,2,12,4,0,0,0,0,1,11,0,0
1552,2,31/10/2021 00:00,1,2,7,4,0,0,0,0,1,8,0,0
1555,2,01/11/2021 00:00,1,1,5,4,0,0,0,1,1,9,0,0
1558,2,02/11/2021 00:00,1,2,13,4,0,0,0,1,0,7,0,0
1561,2,03/11/2021 00:00,1,1,32,4,0,0,0,0,0,7,1,0
1564,2,04/11/2021 00:00,1,0,6,4,0,0,0,1,1,3,0,0
1567,2,05/11/2021 00:00,1,0,5,4,0,0,0,1,1,5,0,0
1570,2,06/11/2021 00:00,1,0,7,4,0,0,0,0,0,5,0,0
1573,2,07/11/2021 00:00,1,0,8,4,0,0,0,1,0,4,0,0
1576,2,08/11/2021 00:00,1,0,5,4,0,0,0,0,1,5,0,0
1579,2,09/11/2021 00:00,1,1,13,4,0,0,0,1,0,10,0,0
1582,2,10/11/2021 00:00,1,2,18,4,0,0,0,0,1,9,0,0
1585,2,11/11/2021 00:00,1,2,20,4,1,0,0,0,0,11,0,0
1588,2,12/11/2021 00:00,1,2,23,4,1,0,0,0,0,14,1,0
1591,2,13/11/2021 00:00,1,1,27,4,1,0,0,0,0,14,0,0
1594,2,14/11/2021 00:00,1,2,32,4,1,0,0,0,0,13,0,0
1597,2,15/11/2021 00:00,1,1,37,4,1,0,0,0,0,10,0,1
1600,2,16/11/2021 00:00,1,3,16,4,0,0,0,0,1,12,0,0
1603,2,17/11/2021 00:00,1,1,17,4,0,0,0,0,1,9,0,0
1606,2,18/11/2021 00:00,1,0,9,4,0,0,0,1,0,6,0,0
1609,2,19/11/2021 00:00,1,0,9,4,0,0,0,0,0,5,0,0
1612,2,20/11/2021 00:00,1,0,3,4,0,0,0,0,1,6,0,0
1615,2,21/11/2021 00:00,1,2,13,4,1,0,0,0,0,9,0,0
1618,2,22/11/2021 00:00,1,2,17,4,1,0,0,0,0,12,0,0
1621,2,23/11/2021 00:00,1,1,25,4,1,0,0,0,0,11,0,0
1624,2,24/11/2021 00:00,1,2,30,4,1,0,0,0,0,13,1,0
1627,2,25/11/2021 00:00,1,1,38,4,1,0,0,0,0,14,0,1
1630,2,26/11/2021 00:00,1,2,12,4,0,0,0,0,0,12,0,0
1633,2,27/11/2021 00:00,1,2,12,4,0,0,0,0,1,14,0,0
1636,2,28/11/2021 00:00,1,2,8,4,0,0,0,0,1,8,0,0
1639,2,29/11/2021 00:00,1,1,8,4,0,0,0,1,1,9,0,0
1642,2,30/11/2021 00:00,1,2,15,4,0,0,0,1,0,7,0,0
1645,2,01/12/2021 00:00,1,3,25,4,0,0,0,0,0,7,1,0
1648,2,02/12/2021 00:00,1,1,9,4,0,0,0,1,1,6,0,0
1651,2,03/12/2021 00:00,1,0,8,4,0,0,0,1,1,5,0,0
1654,2,04/12/2021 00:00,1,0,5,4,0,0,0,1,0,4,0,0
1657,2,05/12/2021 00:00,1,0,5,4,0,0,0,0,1,5,0,0
1660,2,06/12/2021 00:00,1,1,12,4,0,0,0,1,0,10,0,0
1663,2,07/12/2021 00:00,1,2,18,4,0,0,0,0,1,9,0,0
1666,2,08/12/2021 00:00,1,2,21,4,1,0,0,0,0,8,1,0
1669,2,09/12/2021 00:00,1,2,26,4,1,0,0,0,0,11,0,0
1672,2,10/12/2021 00:00,1,1,28,4,1,0,0,0,0,14,0,0
1675,2,11/12/2021 00:00,1,2,33,4,1,0,0,0,0,13,0,0
1678,2,12/12/2021 00:00,1,1,36,4,1,0,0,0,0,10,0,1
1681,2,13/12/2021 00:00,1,0,6,4,0,0,0,1,0,5,0,0
1684,2,14/12/2021 00:00,1,0,5,4,0,0,0,0,1,6,0,0
1687,2,15/12/2021 00:00,1,1,11,4,0,0,0,1,0,9,0,0
1690,2,16/12/2021 00:00,1,2,15,4,0,0,0,0,1,10,0,0
1693,2,17/12/2021 00:00,1,2,23,4,1,0,0,0,0,12,0,0
1696,2,18/12/2021 00:00,1,2,26,4,1,0,0,0,0,14,1,0
1699,2,19/12/2021 00:00,1,1,33,4,1,0,0,0,0,12,0,0
1702,2,20/12/2021 00:00,1,2,36,4,1,0,0,0,0,12,0,0
1705,2,21/12/2021 00:00,1,1,39,4,1,0,0,0,0,11,0,1
1708,2,22/12/2021 00:00,1,0,5,4,0,0,0,0,1,6,0,0
1711,2,23/12/2021 00:00,1,0,4,4,0,0,0,0,0,4,0,0
1714,2,24/12/2021 00:00,1,1,8,4,0,0,0,1,1,10,0,0
1717,2,25/12/2021 00:00,1,3,21,4,0,0,0,0,0,12,0,0
1720,2,26/12/2021 00:00,1,2,35,4,0,0,0,0,0,12,0,0
1723,2,27/12/2021 00:00,1,2,9,4,0,0,0,0,1,11,0,0
1726,2,28/12/2021 00:00,1,2,16,4,0,0,0,1,0,12,0,0
1729,2,29/12/2021 00:00,1,2,25,4,0,0,0,0,0,14,1,0
1732,2,30/12/2021 00:00,1,2,9,4,0,0,0,0,1,11,0,0
1735,2,31/12/2021 00:00,1,1,8,4,0,0,0,1,1,10,0,0
1738,2,01/01/2022 00:00,1,3,15,4,0,0,0,0,1,8,0,0
1741,2,02/01/2022 00:00,1,1,7,4,0,0,0,0,1,5,0,0
1744,2,03/01/2022 00:00,1,1,15,4,0,0,0,1,0,10,0,0
1747,2,04/01/2022 00:00,1,2,15,4,0,0,0,0,1,9,0,0
1750,2,05/01/2022 00:00,1,2,16,4,1,0,0,0,0,8,1,0
1753,2,06/01/2022 00:00,1,2,12,4,1,0,0,0,0,10,0,0
1756,2,07/01/2022 00:00,1,2,17,4,1,0,0,0,0,12,0,0
1759,2,08/01/2022 00:00,1,1,23,4,1,0,0,0,0,11,0,0
1762,2,09/01/2022 00:00,1,2,30,4,1,0,0,0,0,12,0,0
1765,2,10/01/2022 00:00,1,1,34,4,1,0,0,0,0,14,0,1
1768,2,11/01/2022 00:00,1,2,10,4,0,0,0,0,0,12,0,0
1771,2,12/01/2022 00:00,1,2,12,4,0,0,0,0,1,14,0,0
1774,2,13/01/2022 00:00,1,2,11,4,0,0,0,0,1,11,0,0
1777,2,14/01/2022 00:00,1,1,13,4,0,0,0,1,1,9,0,0
1780,2,15/01/2022 00:00,1,2,14,4,0,0,0,1,0,7,0,0
1783,2,16/01/2022 00:00,1,3,22,4,0,0,0,0,0,12,1,0
1786,2,17/01/2022 00:00,1,1,10,4,0,0,0,1,1,9,0,0
1789,2,18/01/2022 00:00,1,0,6,4,0,0,0,0,1,4,0,0
1792,2,19/01/2022 00:00,1,0,7,4,0,0,0,0,0,6,0,0
1795,2,20/01/2022 00:00,1,1,7,4,0,0,0,1,1,12,0,0
1798,2,21/01/2022 00:00,1,3,19,4,0,0,0,0,0,14,0,0
1801,2,22/01/2022 00:00,1,2,26,4,0,0,0,0,0,13,0,0
1804,2,23/01/2022 00:00,1,2,10,4,0,0,0,0,1,13,0,0
1807,2,24/01/2022 00:00,1,2,15,4,0,0,0,1,0,12,0,0
1810,2,25/01/2022 00:00,1,2,24,4,0,0,0,0,0,14,1,0
1813,2,26/01/2022 00:00,1,2,12,4,0,0,0,0,1,11,0,0
1816,2,27/01/2022 00:00,1,1,7,4,0,0,0,1,1,10,0,0
1819,2,28/01/2022 00:00,1,3,14,4,0,0,0,0,1,11,0,0
1822,2,29/01/2022 00:00,1,1,17,4,0,0,0,0,1,8,0,0
1825,2,30/01/2022 00:00,1,0,4,4,0,0,0,1,0,5,0,0
1828,2,31/01/2022 00:00,1,0,9,4,0,0,0,0,0,5,0,0
1831,2,01/02/2022 00:00,1,1,5,4,0,0,0,1,1,9,0,0
1834,2,02/02/2022 00:00,1,2,13,4,0,0,0,1,0,7,0,0
1837,2,03/02/2022 00:00,1,3,32,4,0,0,0,0,0,7,1,0
1840,2,04/02/2022 00:00,1,0,6,4,0,0,0,1,1,3,0,0
1843,2,05/02/2022 00:00,1,0,5,4,0,0,0,1,1,5,0,0
1846,2,06/02/2022 00:00,1,0,7,4,0,0,0,0,0,5,0,0
1849,2,07/02/2022 00:00,1,0,8,4,0,0,0,1,0,4,0,0
1852,2,08/02/2022 00:00,1,0,5,4,0,0,0,0,1,5,0,0
1855,2,09/02/2022 00:00,1,1,13,4,0,0,0,1,0,10,0,0
1858,2,10/02/2022 00:00,1,2,18,4,0,0,0,0,1,9,0,0
1861,2,11/02/2022 00:00,1,2,20,4,1,0,0,0,0,11,0,0
1864,2,12/02/2022 00:00,1,2,23,4,1,0,0,0,0,14,1,0
1867,2,13/02/2022 00:00,1,1,27,4,1,0,0,0,0,14,0,0
1870,2,14/02/2022 00:00,1,2,32,4,1,0,0,0,0,13,0,0
1873,2,15/02/2022 00:00,1,1,37,4,1,0,0,0,0,10,0,1
1876,2,16/02/2022 00:00,1,3,16,4,0,0,0,0,1,12,0,0
1879,2,17/02/2022 00:00,1,1,17,4,0,0,0,0,1,9,0,0
1882,2,18/02/2022 00:00,1,0,9,4,0,0,0,1,0,6,0,0
1885,2,19/02/2022 00:00,1,0,9,4,0,0,0,0,0,5,0,0
1888,2,20/02/2022 00:00,1,0,3,4,0,0,0,0,1,6,0,0
1891,2,21/02/2022 00:00,1,2,13,4,1,0,0,0,0,9,0,0
1894,2,22/02/2022 00:00,1,2,17,4,1,0,0,0,0,12,0,0
1897,2,23/02/2022 00:00,1,1,25,4,1,0,0,0,0,11,0,0
1900,2,24/02/2022 00:00,1,2,30,4,1,0,0,0,0,13,1,0
1903,2,25/02/2022 00:00,1,1,38,4,1,0,0,0,0,14,0,1
1906,2,26/02/2022 00:00,1,2,12,4,0,0,0,0,0,12,0,0
1909,2,27/02/2022 00:00,1,2,12,4,0,0,0,0,1,14,0,0
1912,2,28/02/2022 00:00,1,2,8,4,0,0,0,0,1,8,0,0
1915,2,01/03/2022 00:00,1,1,8,4,0,0,0,1,1,9,0,0
1918,2,02/03/2022 00:00,1,2,15,4,0,0,0,1,0,7,0,0
1921,2,03/03/2022 00:00,1,1,8,4,0,0,0,1,1,10,0,0
1924,2,04/03/2022 00:00,1,3,10,4,0,0,0,0,1,11,0,0
1927,2,05/03/2022 00:00,1,1,15,4,0,0,0,0,1,8,0,0
1930,2,06/03/2022 00:00,1,0,4,4,0,0,0,1,0,5,0,0
1933,2,07/03/2022 00:00,1,0,10,4,0,0,0,0,0,5,0,0
1936,2,08/03/2022 00:00,1,0,6,4,0,0,0,0,1,6,0,0
1939,2,09/03/2022 00:00,1,2,17,4,1,0,0,0,0,11,0,0
1942,2,10/03/2022 00:00,1,2,16,4,1,0,0,0,0,13,0,0
1945,2,11/03/2022 00:00,1,1,24,4,1,0,0,0,0,11,0,0
1948,2,12/03/2022 00:00,1,2,32,4,1,0,0,0,0,13,1,0
1951,2,13/03/2022 00:00,1,1,38,4,1,0,0,0,0,12,0,1
1954,2,14/03/2022 00:00,1,2,12,4,0,0,0,0,0,14,0,0
1957,2,15/03/2022 00:00,1,2,12,4,0,0,0,0,1,11,0,0
1960,2,16/03/2022 00:00,1,2,6,4,0,0,0,0,1,8,0,0
1963,2,17/03/2022 00:00,1,1,6,4,0,0,0,1,1,9,0,0
1966,2,18/03/2022 00:00,1,2,15,4,0,0,0,1,0,7,0,0
1969,2,19/03/2022 00:00,1,3,27,4,0,0,0,0,0,7,1,0
1972,2,20/03/2022 00:00,1,0,7,4,0,0,0,1,1,6,0,0
1975,2,21/03/2022 00:00,1,1,7,4,0,0,0,1,1,5,0,0
1978,2,22/03/2022 00:00,1,0,7,4,0,0,0,0,0,5,0,0
1981,2,23/03/2022 00:00,1,0,6,4,0,0,0,1,0,4,0,0
1984,2,24/03/2022 00:00,1,0,4,4,0,0,0,0,1,5,0,0
1987,2,25/03/2022 00:00,1,1,13,4,0,0,0,1,0,10,0,0
1990,2,26/03/2022 00:00,1,2,18,4,0,0,0,0,1,9,0,0
1993,2,27/03/2022 00:00,1,2,20,4,1,0,0,0,0,11,0,0
1996,2,28/03/2022 00:00,1,2,23,4,1,0,0,0,0,14,1,0
1999,2,29/03/2022 00:00,1,1,27,4,1,0,0,0,0,14,0,0
2002,2,30/03/2022 00:00,1,2,32,4,1,0,0,0,0,13,0,0
2005,2,31/03/2022 00:00,1,1,37,4,1,0,0,0,0,10,0,1
2008,2,01/04/2022 00:00,1,0,4,4,0,0,0,0,1,6,0,0
2011,2,02/04/2022 00:00,1,2,15,4,1,0,0,0,0,10,0,0
2014,2,03/04/2022 00:00,1,2,17,4,1,0,0,0,0,12,0,0
2017,2,04/04/2022 00:00,1,1,23,4,1,0,0,0,0,11,0,0
2020,2,05/04/2022 00:00,1,2,29,4,1,0,0,0,0,13,1,0
2023,2,06/04/2022 00:00,1,1,37,4,1,0,0,0,0,14,0,1
2026,2,07/04/2022 00:00,1,2,11,4,0,0,0,0,0,12,0,0
2029,2,08/04/2022 00:00,1,2,12,4,0,0,0,0,1,14,0,0
2032,2,09/04/2022 00:00,1,2,8,4,0,0,0,0,1,8,0,0
2035,2,10/04/2022 00:00,1,1,5,4,0,0,0,1,1,9,0,0
2038,2,11/04/2022 00:00,1,2,16,4,0,0,0,1,0,7,0,0
2041,2,12/04/2022 00:00,1,3,21,4,0,0,0,0,0,7,1,0
2044,2,13/04/2022 00:00,1,0,9,4,0,0,0,1,1,6,0,0
2047,2,14/04/2022 00:00,1,0,8,4,0,0,0,1,1,5,0,0
2050,2,15/04/2022 00:00,1,0,7,4,0,0,0,0,0,5,0,0
2053,2,16/04/2022 00:00,1,0,5,4,0,0,0,1,0,4,0,0
2056,2,17/04/2022 00:00,1,0,5,4,0,0,0,0,1,5,0,0
2059,2,18/04/2022 00:00,1,1,12,4,0,0,0,1,0,10,0,0
2062,2,19/04/2022 00:00,1,2,18,4,0,0,0,0,1,9,0,0
2065,2,20/04/2022 00:00,1,2,21,4,1,0,0,0,0,8,1,0
2068,2,21/04/2022 00:00,1,2,24,4,1,0,0,0,0,11,0,0
2071,2,22/04/2022 00:00,1,1,28,4,1,0,0,0,0,14,0,0
2074,2,23/04/2022 00:00,1,2,33,4,1,0,0,0,0,13,0,0
2077,2,24/04/2022 00:00,1,1,36,4,1,0,0,0,0,10,0,1
2080,2,25/04/2022 00:00,1,0,5,4,0,0,0,0,1,5,0,0
2083,2,26/04/2022 00:00,1,0,4,4,0,0,0,0,0,4,0,0
2086,2,27/04/2022 00:00,1,1,7,4,0,0,0,1,1,13,0,0
2089,2,28/04/2022 00:00,1,3,19,4,0,0,0,0,0,11,0,0
2092,2,29/04/2022 00:00,1,2,23,4,0,0,0,0,0,12,0,0
2095,2,30/04/2022 00:00,1,2,8,4,0,0,0,0,1,10,0,0
2098,2,01/05/2022 00:00,1,2,15,4,0,0,0,1,0,12,0,0
2101,2,02/05/2022 00:00,1,0,4,4,0,0,0,0,1,5,0,0
2104,2,03/05/2022 00:00,1,1,14,4,0,0,0,1,0,10,0,0
2107,2,04/05/2022 00:00,1,2,18,4,0,0,0,0,1,9,0,0
2110,2,05/05/2022 00:00,1,2,22,4,1,0,0,0,0,11,0,0
2113,2,06/05/2022 00:00,1,2,26,4,1,0,0,0,0,14,1,0
2116,2,07/05/2022 00:00,1,1,31,4,1,0,0,0,0,12,0,0
2119,2,08/05/2022 00:00,1,2,34,4,1,0,0,0,0,13,0,0
2122,2,09/05/2022 00:00,1,1,38,4,1,0,0,0,0,10,0,1
2125,2,10/05/2022 00:00,1,0,5,4,0,0,0,0,1,5,0,0
2128,2,11/05/2022 00:00,1,0,4,4,0,0,0,0,0,4,0,0
2131,2,12/05/2022 00:00,1,1,9,4,0,0,0,1,1,12,0,0
2134,2,13/05/2022 00:00,1,3,20,4,0,0,0,0,0,13,0,0
2137,2,14/05/2022 00:00,1,2,25,4,0,0,0,0,0,12,0,0
2140,2,15/05/2022 00:00,1,2,8,4,0,0,0,0,1,11,0,0
2143,2,16/05/2022 00:00,1,2,16,4,0,0,0,1,0,12,0,0
2146,2,17/05/2022 00:00,1,2,22,4,0,0,0,0,0,14,1,0
2149,2,18/05/2022 00:00,1,2,7,4,0,0,0,0,1,11,0,0
2152,2,19/05/2022 00:00,1,1,9,4,0,0,0,1,1,10,0,0
2155,2,20/05/2022 00:00,1,3,9,4,0,0,0,0,1,11,0,0
2158,2,21/05/2022 00:00,1,1,15,4,0,0,0,0,1,8,0,0
2161,2,22/05/2022 00:00,1,0,4,4,0,0,0,1,0,5,0,0
2164,2,23/05/2022 00:00,1,0,9,4,0,0,0,0,0,5,0,0
2167,2,24/05/2022 00:00,1,0,6,4,0,0,0,0,1,6,0,0
2170,2,25/05/2022 00:00,1,2,17,4,1,0,0,0,0,11,0,0
2173,2,26/05/2022 00:00,1,2,17,4,1,0,0,0,0,13,0,0
2176,2,27/05/2022 00:00,1,1,23,4,1,0,0,0,0,11,0,0
2179,2,28/05/2022 00:00,1,2,32,4,1,0,0,0,0,13,1,0
2182,2,29/05/2022 00:00,1,1,40,4,1,0,0,0,0,12,0,1
2185,2,30/05/2022 00:00,1,2,11,4,0,0,0,0,0,14,0,0
2188,2,31/05/2022 00:00,1,2,12,4,0,0,0,0,1,11,0,0
2191,2,01/06/2022 00:00,1,0,7,4,0,0,0,0,1,5,0,0
2194,2,02/06/2022 00:00,1,1,15,4,0,0,0,1,0,10,0,0
2197,2,03/06/2022 00:00,1,2,15,4,0,0,0,0,1,9,0,0
2200,2,04/06/2022 00:00,1,2,16,4,1,0,0,0,0,8,1,0
2203,2,05/06/2022 00:00,1,2,12,4,1,0,0,0,0,10,0,0
2206,2,06/06/2022 00:00,1,2,17,4,1,0,0,0,0,12,0,0
2209,2,07/06/2022 00:00,1,1,23,4,1,0,0,0,0,11,0,0
2212,2,08/06/2022 00:00,1,2,30,4,1,0,0,0,0,12,0,0
2215,2,09/06/2022 00:00,1,1,34,4,1,0,0,0,0,14,0,1
2218,2,10/06/2022 00:00,1,2,10,4,0,0,0,0,0,12,0,0
2221,2,11/06/2022 00:00,1,2,12,4,0,0,0,0,1,14,0,0
2224,2,12/06/2022 00:00,1,2,11,4,0,0,0,0,1,11,0,0
2227,2,13/06/2022 00:00,1,1,13,4,0,0,0,1,1,9,0,0
2230,2,14/06/2022 00:00,1,2,14,4,0,0,0,1,0,7,0,0
2233,2,15/06/2022 00:00,1,3,22,4,0,0,0,0,0,12,1,0
2236,2,16/06/2022 00:00,1,1,10,4,0,0,0,1,1,9,0,0
2239,2,17/06/2022 00:00,1,0,6,4,0,0,0,0,1,4,0,0
2242,2,18/06/2022 00:00,1,0,7,4,0,0,0,0,0,6,0,0
2245,2,19/06/2022 00:00,1,1,7,4,0,0,0,1,1,12,0,0
2248,2,20/06/2022 00:00,1,3,19,4,0,0,0,0,0,14,0,0
2251,2,21/06/2022 00:00,1,2,26,4,0,0,0,0,0,13,0,0
2254,2,22/06/2022 00:00,1,2,10,4,0,0,0,0,1,13,0,0
2257,2,23/06/2022 00:00,1,2,15,4,0,0,0,1,0,12,0,0
2260,2,24/06/2022 00:00,1,2,24,4,0,0,0,0,0,14,1,0
2263,2,25/06/2022 00:00,1,2,12,4,0,0,0,0,1,11,0,0
2266,2,26/06/2022 00:00,1,1,7,4,0,0,0,1,1,10,0,0
2269,2,27/06/2022 00:00,1,3,14,4,0,0,0,0,1,11,0,0
2272,2,28/06/2022 00:00,1,1,17,4,0,0,0,0,1,8,0,0
2275,2,29/06/2022 00:00,1,0,4,4,0,0,0,1,0,5,0,0
2278,2,30/06/2022 00:00,1,0,9,4,0,0,0,0,0,5,0,0
2281,2,01/07/2022 00:00,1,0,7,4,0,0,0,0,1,5,0,0
2284,2,02/07/2022 00:00,1,1,15,4,0,0,0,1,0,10,0,0
2287,2,03/07/2022 00:00,1,2,15,4,0,0,0,0,1,9,0,0
2290,2,04/07/2022 00:00,1,2,16,4,1,0,0,0,0,8,1,0
2293,2,05/07/2022 00:00,1,2,12,4,1,0,0,0,0,10,0,0
2296,2,06/07/2022 00:00,1,2,17,4,1,0,0,0,0,12,0,0
2299,2,07/07/2022 00:00,1,1,23,4,1,0,0,0,0,11,0,0
2302,2,08/07/2022 00:00,1,2,30,4,1,0,0,0,0,12,0,0
2305,2,09/07/2022 00:00,1,1,34,4,1,0,0,0,0,14,0,1
2308,2,10/07/2022 00:00,1,2,10,4,0,0,0,0,0,12,0,0
2311,2,11/07/2022 00:00,1,2,12,4,0,0,0,0,1,14,0,0
2314,2,12/07/2022 00:00,1,2,11,4,0,0,0,0,1,11,0,0
2317,2,13/07/2022 00:00,1,1,13,4,0,0,0,1,1,9,0,0
2320,2,14/07/2022 00:00,1,2,14,4,0,0,0,1,0,7,0,0
2323,2,15/07/2022 00:00,1,3,22,4,0,0,0,0,0,12,1,0
2326,2,16/07/2022 00:00,1,1,10,4,0,0,0,1,1,9,0,0
2329,2,17/07/2022 00:00,1,0,6,4,0,0,0,0,1,4,0,0
2332,2,18/07/2022 00:00,1,0,7,4,0,0,0,0,0,6,0,0
2335,2,19/07/2022 00:00,1,1,7,4,0,0,0,1,1,12,0,0
2338,2,20/07/2022 00:00,1,3,19,4,0,0,0,0,0,14,0,0
2341,2,21/07/2022 00:00,1,2,26,4,0,0,0,0,0,13,0,0
2344,2,22/07/2022 00:00,1,2,10,4,0,0,0,0,1,13,0,0
2347,2,23/07/2022 00:00,1,2,15,4,0,0,0,1,0,12,0,0
2350,2,24/07/2022 00:00,1,2,24,4,0,0,0,0,0,14,1,0
2353,2,25/07/2022 00:00,1,2,12,4,0,0,0,0,1,11,0,0
2356,2,26/07/2022 00:00,1,1,7,4,0,0,0,1,1,10,0,0
2359,2,27/07/2022 00:00,1,3,14,4,0,0,0,0,1,11,0,0
2362,2,28/07/2022 00:00,1,1,17,4,0,0,0,0,1,8,0,0
2365,2,29/07/2022 00:00,1,0,4,4,0,0,0,1,0,5,0,0
2368,2,30/07/2022 00:00,1,0,9,4,0,0,0,0,0,5,0,0
2371,2,31/07/2022 00:00,1,0,4,4,0,0,0,0,1,6,0,0
2374,2,01/08/2022 00:00,1,2,15,4,1,0,0,0,0,10,0,0
2377,2,02/08/2022 00:00,1,2,17,4,1,0,0,0,0,12,0,0
2380,2,03/08/2022 00:00,1,1,23,4,1,0,0,0,0,11,0,0
2383,2,04/08/2022 00:00,1,2,29,4,1,0,0,0,0,13,1,0
2386,2,05/08/2022 00:00,1,1,37,4,1,0,0,0,0,14,0,1
2389,2,06/08/2022 00:00,1,2,11,4,0,0,0,0,0,12,0,0
2392,2,07/08/2022 00:00,1,2,12,4,0,0,0,0,1,14,0,0
2395,2,08/08/2022 00:00,1,2,8,4,0,0,0,0,1,8,0,0
2398,2,09/08/2022 00:00,1,1,5,4,0,0,0,1,1,9,0,0
2401,2,10/08/2022 00:00,1,2,16,4,0,0,0,1,0,7,0,0
2404,2,11/08/2022 00:00,1,3,21,4,0,0,0,0,0,7,1,0
2407,2,12/08/2022 00:00,1,0,9,4,0,0,0,1,1,6,0,0
2410,2,13/08/2022 00:00,1,0,8,4,0,0,0,1,1,5,0,0
2413,2,14/08/2022 00:00,1,0,7,4,0,0,0,0,0,5,0,0
2416,2,15/08/2022 00:00,1,0,5,4,0,0,0,1,0,4,0,0
2419,2,16/08/2022 00:00,1,0,5,4,0,0,0,0,1,5,0,0
2422,2,17/08/2022 00:00,1,1,12,4,0,0,0,1,0,10,0,0
2425,2,18/08/2022 00:00,1,2,18,4,0,0,0,0,1,9,0,0
2428,2,19/08/2022 00:00,1,2,21,4,1,0,0,0,0,8,1,0
2431,2,20/08/2022 00:00,1,2,24,4,1,0,0,0,0,11,0,0
2434,2,21/08/2022 00:00,1,1,28,4,1,0,0,0,0,14,0,0
2437,2,22/08/2022 00:00,1,2,33,4,1,0,0,0,0,13,0,0
2440,2,23/08/2022 00:00,1,1,36,4,1,0,0,0,0,10,0,1
2443,2,24/08/2022 00:00,1,0,5,4,0,0,0,0,1,5,0,0
2446,2,25/08/2022 00:00,1,0,4,4,0,0,0,0,0,4,0,0
2449,2,26/08/2022 00:00,1,1,7,4,0,0,0,1,1,13,0,0
2452,2,27/08/2022 00:00,1,3,19,4,0,0,0,0,0,11,0,0
2455,2,28/08/2022 00:00,1,2,23,4,0,0,0,0,0,12,0,0
2458,2,29/08/2022 00:00,1,2,8,4,0,0,0,0,1,10,0,0
2461,2,30/08/2022 00:00,1,2,15,4,0,0,0,1,0,12,0,0
2464,2,31/08/2022 00:00,1,2,22,4,0,0,0,0,0,14,1,0
2467,2,01/09/2022 00:00,1,2,9,4,0,0,0,0,1,11,0,0
2470,2,02/09/2022 00:00,1,1,8,4,0,0,0,1,1,10,0,0
2473,2,03/09/2022 00:00,1,3,10,4,0,0,0,0,1,11,0,0
2476,2,04/09/2022 00:00,1,1,15,4,0,0,0,0,1,8,0,0
2479,2,05/09/2022 00:00,1,0,4,4,0,0,0,1,0,5,0,0
2482,2,06/09/2022 00:00,1,0,10,4,0,0,0,0,0,5,0,0
2485,2,07/09/2022 00:00,1,0,6,4,0,0,0,0,1,6,0,0
2488,2,08/09/2022 00:00,1,2,17,4,1,0,0,0,0,11,0,0
2491,2,09/09/2022 00:00,1,2,16,4,1,0,0,0,0,13,0,0
2494,2,10/09/2022 00:00,1,1,24,4,1,0,0,0,0,11,0,0
2497,2,11/09/2022 00:00,1,2,32,4,1,0,0,0,0,13,1,0
2500,2,12/09/2022 00:00,1,1,38,4,1,0,0,0,0,12,0,1
2503,2,13/09/2022 00:00,1,2,12,4,0,0,0,0,0,14,0,0
2506,2,14/09/2022 00:00,1,2,12,4,0,0,0,0,1,11,0,0
2509,2,15/09/2022 00:00,1,2,6,4,0,0,0,0,1,8,0,0
2512,2,16/09/2022 00:00,1,1,6,4,0,0,0,1,1,9,0,0
2515,2,17/09/2022 00:00,1,2,15,4,0,0,0,1,0,7,0,0
2518,2,18/09/2022 00:00,1,3,27,4,0,0,0,0,0,7,1,0
2521,2,19/09/2022 00:00,1,0,7,4,0,0,0,1,1,6,0,0
2524,2,20/09/2022 00:00,1,1,7,4,0,0,0,1,1,5,0,0
2527,2,21/09/2022 00:00,1,0,7,4,0,0,0,0,0,5,0,0
2530,2,22/09/2022 00:00,1,0,6,4,0,0,0,1,0,4,0,0
2533,2,23/09/2022 00:00,1,0,4,4,0,0,0,0,1,5,0,0
2536,2,24/09/2022 00:00,1,1,13,4,0,0,0,1,0,10,0,0
2539,2,25/09/2022 00:00,1,2,18,4,0,0,0,0,1,9,0,0
2542,2,26/09/2022 00:00,1,2,20,4,1,0,0,0,0,11,0,0
2545,2,27/09/2022 00:00,1,2,23,4,1,0,0,0,0,14,1,0
2548,2,28/09/2022 00:00,1,1,27,4,1,0,0,0,0,14,0,0
2551,2,29/09/2022 00:00,1,2,32,4,1,0,0,0,0,13,0,0
2554,2,30/09/2022 00:00,1,1,37,4,1,0,0,0,0,10,0,1
2557,2,01/10/2022 00:00,1,0,2,4,0,0,0,0,1,4,0,0
2560,2,02/10/2022 00:00,1,0,5,4,0,0,0,0,0,6,0,0
2563,2,03/10/2022 00:00,1,1,9,4,0,0,0,1,1,12,0,0
2566,2,04/10/2022 00:00,1,3,15,4,0,0,0,0,0,13,0,0
2569,2,05/10/2022 00:00,1,2,23,4,0,0,0,0,0,8,0,0
2572,2,06/10/2022 00:00,1,2,8,4,0,0,0,0,1,9,0,0
2575,2,07/10/2022 00:00,1,2,15,4,0,0,0,1,0,11,0,0
2578,2,08/10/2022 00:00,1,2,22,4,0,0,0,0,0,14,1,0
2581,2,09/10/2022 00:00,1,2,8,4,0,0,0,0,1,11,0,0
2584,2,10/10/2022 00:00,1,1,8,4,0,0,0,1,1,10,0,0
2587,2,11/10/2022 00:00,1,3,11,4,0,0,0,0,1,14,0,0
2590,2,12/10/2022 00:00,1,1,15,4,0,0,0,0,1,9,0,0
2593,2,13/10/2022 00:00,1,0,4,4,0,0,0,1,0,2,0,0
2596,2,14/10/2022 00:00,1,0,8,4,0,0,0,0,0,5,0,0
2599,2,15/10/2022 00:00,1,0,5,4,0,0,0,0,1,6,0,0
2602,2,16/10/2022 00:00,1,2,16,4,1,0,0,0,0,10,0,0
2605,2,17/10/2022 00:00,1,2,18,4,1,0,0,0,0,12,0,0
2608,2,18/10/2022 00:00,1,1,25,4,1,0,0,0,0,11,0,0
2611,2,19/10/2022 00:00,1,2,33,4,1,0,0,0,0,13,1,0
2614,2,20/10/2022 00:00,1,1,40,4,1,0,0,0,0,12,0,1
2617,2,21/10/2022 00:00,1,2,11,4,0,0,0,0,0,14,0,0
2620,2,22/10/2022 00:00,1,2,12,4,0,0,0,0,1,11,0,0
2623,2,23/10/2022 00:00,1,2,7,4,0,0,0,0,1,8,0,0
2626,2,24/10/2022 00:00,1,1,6,4,0,0,0,1,1,9,0,0
2629,2,25/10/2022 00:00,1,2,13,4,0,0,0,1,0,7,0,0
2632,2,26/10/2022 00:00,1,3,23,4,0,0,0,0,0,7,1,0
2635,2,27/10/2022 00:00,1,1,7,4,0,0,0,1,1,6,0,0
2638,2,28/10/2022 00:00,1,0,6,4,0,0,0,1,1,5,0,0
2641,2,29/10/2022 00:00,1,0,8,4,0,0,0,0,0,5,0,0
2644,2,30/10/2022 00:00,1,0,6,4,0,0,0,1,0,4,0,0
2647,2,31/10/2022 00:00,1,0,4,4,0,0,0,0,1,5,0,0
2650,2,01/11/2022 00:00,1,1,14,4,0,0,0,1,0,10,0,0
2653,2,02/11/2022 00:00,1,2,18,4,0,0,0,0,1,9,0,0
2656,2,03/11/2022 00:00,1,2,22,4,1,0,0,0,0,11,0,0
2659,2,04/11/2022 00:00,1,2,26,4,1,0,0,0,0,14,1,0
2662,2,05/11/2022 00:00,1,1,31,4,1,0,0,0,0,12,0,0
2665,2,06/11/2022 00:00,1,2,34,4,1,0,0,0,0,13,0,0
2668,2,07/11/2022 00:00,1,1,38,4,1,0,0,0,0,10,0,1
2671,2,08/11/2022 00:00,1,0,5,4,0,0,0,0,1,5,0,0
2674,2,09/11/2022 00:00,1,0,4,4,0,0,0,0,0,4,0,0
2677,2,10/11/2022 00:00,1,1,9,4,0,0,0,1,1,12,0,0
2680,2,11/11/2022 00:00,1,3,20,4,0,0,0,0,0,13,0,0
2683,2,12/11/2022 00:00,1,2,25,4,0,0,0,0,0,12,0,0
2686,2,13/11/2022 00:00,1,2,8,4,0,0,0,0,1,11,0,0
2689,2,14/11/2022 00:00,1,2,16,4,0,0,0,1,0,12,0,0
2692,2,15/11/2022 00:00,1,2,22,4,0,0,0,0,0,14,1,0
2695,2,16/11/2022 00:00,1,2,7,4,0,0,0,0,1,11,0,0
2698,2,17/11/2022 00:00,1,1,9,4,0,0,0,1,1,10,0,0
2701,2,18/11/2022 00:00,1,3,9,4,0,0,0,0,1,11,0,0
2704,2,19/11/2022 00:00,1,1,15,4,0,0,0,0,1,8,0,0
2707,2,20/11/2022 00:00,1,0,4,4,0,0,0,1,0,5,0,0
2710,2,21/11/2022 00:00,1,0,9,4,0,0,0,0,0,5,0,0
2713,2,22/11/2022 00:00,1,0,6,4,0,0,0,0,1,6,0,0
2716,2,23/11/2022 00:00,1,2,17,4,1,0,0,0,0,11,0,0
2719,2,24/11/2022 00:00,1,2,17,4,1,0,0,0,0,13,0,0
2722,2,25/11/2022 00:00,1,1,23,4,1,0,0,0,0,11,0,0
2725,2,26/11/2022 00:00,1,2,32,4,1,0,0,0,0,13,1,0
2728,2,27/11/2022 00:00,1,1,40,4,1,0,0,0,0,12,0,1
2731,2,28/11/2022 00:00,1,2,11,4,0,0,0,0,0,14,0,0
2734,2,29/11/2022 00:00,1,2,12,4,0,0,0,0,1,11,0,0
2737,2,30/11/2022 00:00,1,2,7,4,0,0,0,0,1,8,0,0
2740,2,01/12/2022 00:00,1,1,5,4,0,0,0,1,1,9,0,0
2743,2,02/12/2022 00:00,1,2,13,4,0,0,0,1,0,7,0,0
2746,2,03/12/2022 00:00,1,1,32,4,0,0,0,0,0,7,1,0
2749,2,04/12/2022 00:00,1,0,6,4,0,0,0,1,1,3,0,0
2752,2,05/12/2022 00:00,1,0,5,4,0,0,0,1,1,5,0,0
2755,2,06/12/2022 00:00,1,0,7,4,0,0,0,0,0,5,0,0
2758,2,07/12/2022 00:00,1,0,8,4,0,0,0,1,0,4,0,0
2761,2,08/12/2022 00:00,1,0,5,4,0,0,0,0,1,5,0,0
2764,2,09/12/2022 00:00,1,1,13,4,0,0,0,1,0,10,0,0
2767,2,10/12/2022 00:00,1,2,18,4,0,0,0,0,1,9,0,0
2770,2,11/12/2022 00:00,1,2,20,4,1,0,0,0,0,11,0,0
2773,2,12/12/2022 00:00,1,2,23,4,1,0,0,0,0,14,1,0
2776,2,13/12/2022 00:00,1,1,27,4,1,0,0,0,0,14,0,0
2779,2,14/12/2022 00:00,1,2,32,4,1,0,0,0,0,13,0,0
2782,2,15/12/2022 00:00,1,1,37,4,1,0,0,0,0,10,0,1
2785,2,16/12/2022 00:00,1,3,16,4,0,0,0,0,1,12,0,0
2788,2,17/12/2022 00:00,1,1,17,4,0,0,0,0,1,9,0,0
2791,2,18/12/2022 00:00,1,0,9,4,0,0,0,1,0,6,0,0
2794,2,19/12/2022 00:00,1,0,9,4,0,0,0,0,0,5,0,0
2797,2,20/12/2022 00:00,1,0,3,4,0,0,0,0,1,6,0,0
2800,2,21/12/2022 00:00,1,2,13,4,1,0,0,0,0,9,0,0
2803,2,22/12/2022 00:00,1,2,17,4,1,0,0,0,0,12,0,0
2806,2,23/12/2022 00:00,1,1,25,4,1,0,0,0,0,11,0,0
2809,2,24/12/2022 00:00,1,2,30,4,1,0,0,0,0,13,1,0
2812,2,25/12/2022 00:00,1,1,38,4,1,0,0,0,0,14,0,1
2815,2,26/12/2022 00:00,1,2,12,4,0,0,0,0,0,12,0,0
2818,2,27/12/2022 00:00,1,2,12,4,0,0,0,0,1,14,0,0
2821,2,28/12/2022 00:00,1,2,8,4,0,0,0,0,1,8,0,0
2824,2,29/12/2022 00:00,1,1,8,4,0,0,0,1,1,9,0,0
2827,2,30/12/2022 00:00,1,2,15,4,0,0,0,1,0,7,0,0
2830,2,31/12/2022 00:00,1,3,25,4,0,0,0,0,0,7,1,0
2833,2,01/01/2023 00:00,1,1,9,4,0,0,0,1,1,6,0,0
2836,2,02/01/2023 00:00,1,0,8,4,0,0,0,1,1,5,0,0
2839,2,03/01/2023 00:00,1,0,5,4,0,0,0,1,0,4,0,0
2842,2,04/01/2023 00:00,1,0,5,4,0,0,0,0,1,5,0,0
2845,2,05/01/2023 00:00,1,1,12,4,0,0,0,1,0,10,0,0
2848,2,06/01/2023 00:00,1,2,18,4,0,0,0,0,1,9,0,0
2851,2,07/01/2023 00:00,1,2,21,4,1,0,0,0,0,8,1,0
2854,2,08/01/2023 00:00,1,2,26,4,1,0,0,0,0,11,0,0
2857,2,09/01/2023 00:00,1,1,28,4,1,0,0,0,0,14,0,0
2860,2,10/01/2023 00:00,1,2,33,4,1,0,0,0,0,13,0,0
2863,2,11/01/2023 00:00,1,1,36,4,1,0,0,0,0,10,0,1
2866,2,12/01/2023 00:00,1,0,6,4,0,0,0,1,0,5,0,0
2869,2,13/01/2023 00:00,1,0,5,4,0,0,0,0,1,6,0,0
2872,2,14/01/2023 00:00,1,1,11,4,0,0,0,1,0,9,0,0
2875,2,15/01/2023 00:00,1,2,15,4,0,0,0,0,1,10,0,0
2878,2,16/01/2023 00:00,1,2,23,4,1,0,0,0,0,12,0,0
2881,2,17/01/2023 00:00,1,2,26,4,1,0,0,0,0,14,1,0
2884,2,18/01/2023 00:00,1,1,33,4,1,0,0,0,0,12,0,0
2887,2,19/01/2023 00:00,1,2,36,4,1,0,0,0,0,12,0,0
2890,2,20/01/2023 00:00,1,1,39,4,1,0,0,0,0,11,0,1
2893,2,21/01/2023 00:00,1,0,5,4,0,0,0,0,1,6,0,0
2896,2,22/01/2023 00:00,1,0,4,4,0,0,0,0,0,4,0,0
2899,2,23/01/2023 00:00,1,1,8,4,0,0,0,1,1,10,0,0
2902,2,24/01/2023 00:00,1,3,21,4,0,0,0,0,0,12,0,0
2905,2,25/01/2023 00:00,1,2,35,4,0,0,0,0,0,12,0,0
2908,2,26/01/2023 00:00,1,2,9,4,0,0,0,0,1,11,0,0
2911,2,27/01/2023 00:00,1,2,16,4,0,0,0,1,0,12,0,0
2914,2,28/01/2023 00:00,1,2,25,4,0,0,0,0,0,14,1,0
2917,2,29/01/2023 00:00,1,2,9,4,0,0,0,0,1,11,0,0
2920,2,30/01/2023 00:00,1,1,8,4,0,0,0,1,1,10,0,0
2923,2,31/01/2023 00:00,1,3,15,4,0,0,0,0,1,8,0,0
2926,2,01/02/2023 00:00,1,1,7,4,0,0,0,0,1,5,0,0
2929,2,02/02/2023 00:00,1,1,15,4,0,0,0,1,0,10,0,0
2932,2,03/02/2023 00:00,1,2,15,4,0,0,0,0,1,9,0,0
2935,2,04/02/2023 00:00,1,2,16,4,1,0,0,0,0,8,1,0
2938,2,05/02/2023 00:00,1,2,12,4,1,0,0,0,0,10,0,0
2941,2,06/02/2023 00:00,1,2,17,4,1,0,0,0,0,12,0,0
2944,2,07/02/2023 00:00,1,1,23,4,1,0,0,0,0,11,0,0
2947,2,08/02/2023 00:00,1,2,30,4,1,0,0,0,0,12,0,0
2950,2,09/02/2023 00:00,1,1,34,4,1,0,0,0,0,14,0,1
2953,2,10/02/2023 00:00,1,2,10,4,0,0,0,0,0,12,0,0
2956,2,11/02/2023 00:00,1,2,12,4,0,0,0,0,1,14,0,0
2959,2,12/02/2023 00:00,1,2,11,4,0,0,0,0,1,11,0,0
2962,2,13/02/2023 00:00,1,1,13,4,0,0,0,1,1,9,0,0
2965,2,14/02/2023 00:00,1,2,14,4,0,0,0,1,0,7,0,0
2968,2,15/02/2023 00:00,1,3,22,4,0,0,0,0,0,12,1,0
2971,2,16/02/2023 00:00,1,1,10,4,0,0,0,1,1,9,0,0
2974,2,17/02/2023 00:00,1,0,6,4,0,0,0,0,1,4,0,0
2977,2,18/02/2023 00:00,1,0,7,4,0,0,0,0,0,6,0,0
2980,2,19/02/2023 00:00,1,1,7,4,0,0,0,1,1,12,0,0
2983,2,20/02/2023 00:00,1,3,19,4,0,0,0,0,0,14,0,0
2986,2,21/02/2023 00:00,1,2,26,4,0,0,0,0,0,13,0,0
2989,2,22/02/2023 00:00,1,2,10,4,0,0,0,0,1,13,0,0
2992,2,23/02/2023 00:00,1,2,15,4,0,0,0,1,0,12,0,0
2995,2,24/02/2023 00:00,1,2,24,4,0,0,0,0,0,14,1,0
2998,2,25/02/2023 00:00,1,2,12,4,0,0,0,0,1,11,0,0
3001,2,26/02/2023 00:00,1,1,7,4,0,0,0,1,1,10,0,0
3004,2,27/02/2023 00:00,1,3,14,4,0,0,0,0,1,11,0,0
3007,2,28/02/2023 00:00,1,1,17,4,0,0,0,0,1,8,0,0
3010,2,01/03/2023 00:00,1,0,4,4,0,0,0,1,0,5,0,0
3013,2,02/03/2023 00:00,1,0,9,4,0,0,0,0,0,5,0,0
3016,2,03/03/2023 00:00,1,1,5,4,0,0,0,1,1,9,0,0
3019,2,04/03/2023 00:00,1,2,13,4,0,0,0,1,0,7,0,0
3022,2,05/03/2023 00:00,1,3,32,4,0,0,0,0,0,7,1,0
3025,2,06/03/2023 00:00,1,0,6,4,0,0,0,1,1,3,0,0
3028,2,07/03/2023 00:00,1,0,5,4,0,0,0,1,1,5,0,0
3031,2,08/03/2023 00:00,1,0,7,4,0,0,0,0,0,5,0,0
3034,2,09/03/2023 00:00,1,0,8,4,0,0,0,1,0,4,0,0
3037,2,10/03/2023 00:00,1,0,5,4,0,0,0,0,1,5,0,0
3040,2,11/03/2023 00:00,1,1,13,4,0,0,0,1,0,10,0,0
3043,2,12/03/2023 00:00,1,2,18,4,0,0,0,0,1,9,0,0
3046,2,13/03/2023 00:00,1,2,20,4,1,0,0,0,0,11,0,0
3049,2,14/03/2023 00:00,1,2,23,4,1,0,0,0,0,14,1,0
3052,2,15/03/2023 00:00,1,1,27,4,1,0,0,0,0,14,0,0
3055,2,16/03/2023 00:00,1,2,32,4,1,0,0,0,0,13,0,0
3058,2,17/03/2023 00:00,1,1,37,4,1,0,0,0,0,10,0,1
3061,2,18/03/2023 00:00,1,3,16,4,0,0,0,0,1,12,0,0
3064,2,19/03/2023 00:00,1,1,17,4,0,0,0,0,1,9,0,0
3067,2,20/03/2023 00:00,1,0,9,4,0,0,0,1,0,6,0,0
3070,2,21/03/2023 00:00,1,0,9,4,0,0,0,0,0,5,0,0
3073,2,22/03/2023 00:00,1,0,3,4,0,0,0,0,1,6,0,0
3076,2,23/03/2023 00:00,1,2,13,4,1,0,0,0,0,9,0,0
3079,2,24/03/2023 00:00,1,2,17,4,1,0,0,0,0,12,0,0
3082,2,25/03/2023 00:00,1,1,25,4,1,0,0,0,0,11,0,0
3085,2,26/03/2023 00:00,1,2,30,4,1,0,0,0,0,13,1,0
3088,2,27/03/2023 00:00,1,1,38,4,1,0,0,0,0,14,0,1
3091,2,28/03/2023 00:00,1,2,12,4,0,0,0,0,0,12,0,0
3094,2,29/03/2023 00:00,1,2,12,4,0,0,0,0,1,14,0,0
3097,2,30/03/2023 00:00,1,2,8,4,0,0,0,0,1,8,0,0
3100,2,31/03/2023 00:00,1,1,8,4,0,0,0,1,1,9,0,0
3103,2,01/04/2023 00:00,1,2,15,4,0,0,0,1,0,7,0,0
3106,2,02/04/2023 00:00,1,1,8,4,0,0,0,1,1,10,0,0
3109,2,03/04/2023 00:00,1,3,10,4,0,0,0,0,1,11,0,0
3112,2,04/04/2023 00:00,1,1,15,4,0,0,0,0,1,8,0,0
3115,2,05/04/2023 00:00,1,0,4,4,0,0,0,1,0,5,0,0
3118,2,06/04/2023 00:00,1,0,10,4,0,0,0,0,0,5,0,0
3121,2,07/04/2023 00:00,1,0,6,4,0,0,0,0,1,6,0,0
3124,2,08/04/2023 00:00,1,2,17,4,1,0,0,0,0,11,0,0
3127,2,09/04/2023 00:00,1,2,16,4,1,0,0,0,0,13,0,0
3130,2,10/04/2023 00:00,1,1,24,4,1,0,0,0,0,11,0,0
3133,2,11/04/2023 00:00,1,2,32,4,1,0,0,0,0,13,1,0
3136,2,12/04/2023 00:00,1,1,38,4,1,0,0,0,0,12,0,1
3139,2,13/04/2023 00:00,1,2,12,4,0,0,0,0,0,14,0,0
3142,2,14/04/2023 00:00,1,2,12,4,0,0,0,0,1,11,0,0
3145,2,15/04/2023 00:00,1,2,6,4,0,0,0,0,1,8,0,0
3148,2,16/04/2023 00:00,1,1,6,4,0,0,0,1,1,9,0,0
3151,2,17/04/2023 00:00,1,2,15,4,0,0,0,1,0,7,0,0
3154,2,18/04/2023 00:00,1,3,27,4,0,0,0,0,0,7,1,0
3157,2,19/04/2023 00:00,1,0,7,4,0,0,0,1,1,6,0,0
3160,2,20/04/2023 00:00,1,1,7,4,0,0,0,1,1,5,0,0
3163,2,21/04/2023 00:00,1,0,7,4,0,0,0,0,0,5,0,0
3166,2,22/04/2023 00:00,1,0,6,4,0,0,0,1,0,4,0,0
3169,2,23/04/2023 00:00,1,0,4,4,0,0,0,0,1,5,0,0
3172,2,24/04/2023 00:00,1,1,13,4,0,0,0,1,0,10,0,0
3175,2,25/04/2023 00:00,1,2,18,4,0,0,0,0,1,9,0,0
3178,2,26/04/2023 00:00,1,2,20,4,1,0,0,0,0,11,0,0
3181,2,27/04/2023 00:00,1,2,23,4,1,0,0,0,0,14,1,0
3184,2,28/04/2023 00:00,1,1,27,4,1,0,0,0,0,14,0,0
3187,2,29/04/2023 00:00,1,2,32,4,1,0,0,0,0,13,0,0
3190,2,30/04/2023 00:00,1,1,37,4,1,0,0,0,0,10,0,1
3193,2,01/05/2023 00:00,1,0,4,4,0,0,0,0,1,6,0,0
3196,2,02/05/2023 00:00,1,2,15,4,1,0,0,0,0,10,0,0
3199,2,03/05/2023 00:00,1,2,17,4,1,0,0,0,0,12,0,0
3202,2,04/05/2023 00:00,1,1,23,4,1,0,0,0,0,11,0,0
3205,2,05/05/2023 00:00,1,2,29,4,1,0,0,0,0,13,1,0
3208,2,06/05/2023 00:00,1,1,37,4,1,0,0,0,0,14,0,1
3211,2,07/05/2023 00:00,1,2,11,4,0,0,0,0,0,12,0,0
3214,2,08/05/2023 00:00,1,2,12,4,0,0,0,0,1,14,0,0
3217,2,09/05/2023 00:00,1,2,8,4,0,0,0,0,1,8,0,0
3220,2,10/05/2023 00:00,1,1,5,4,0,0,0,1,1,9,0,0
3223,2,11/05/2023 00:00,1,2,16,4,0,0,0,1,0,7,0,0
3226,2,12/05/2023 00:00,1,3,21,4,0,0,0,0,0,7,1,0
3229,2,13/05/2023 00:00,1,0,9,4,0,0,0,1,1,6,0,0
3232,2,14/05/2023 00:00,1,0,8,4,0,0,0,1,1,5,0,0
3235,2,15/05/2023 00:00,1,0,7,4,0,0,0,0,0,5,0,0
3238,2,16/05/2023 00:00,1,0,5,4,0,0,0,1,0,4,0,0
3241,2,17/05/2023 00:00,1,0,5,4,0,0,0,0,1,5,0,0
3244,2,18/05/2023 00:00,1,1,12,4,0,0,0,1,0,10,0,0
3247,2,19/05/2023 00:00,1,2,18,4,0,0,0,0,1,9,0,0
3250,2,20/05/2023 00:00,1,2,21,4,1,0,0,0,0,8,1,0
3253,2,21/05/2023 00:00,1,2,24,4,1,0,0,0,0,11,0,0
3256,2,22/05/2023 00:00,1,1,28,4,1,0,0,0,0,14,0,0
3259,2,23/05/2023 00:00,1,2,33,4,1,0,0,0,0,13,0,0
3262,2,24/05/2023 00:00,1,1,36,4,1,0,0,0,0,10,0,1
3265,2,25/05/2023 00:00,1,0,5,4,0,0,0,0,1,5,0,0
3268,2,26/05/2023 00:00,1,0,4,4,0,0,0,0,0,4,0,0
3271,2,27/05/2023 00:00,1,1,7,4,0,0,0,1,1,13,0,0
3274,2,28/05/2023 00:00,1,3,19,4,0,0,0,0,0,11,0,0
3277,2,29/05/2023 00:00,1,2,23,4,0,0,0,0,0,12,0,0
3280,2,30/05/2023 00:00,1,2,8,4,0,0,0,0,1,10,0,0
3283,2,31/05/2023 00:00,1,2,15,4,0,0,0,1,0,12,0,0
3286,2,01/06/2023 00:00,1,0,4,4,0,0,0,0,1,5,0,0
3289,2,02/06/2023 00:00,1,1,14,4,0,0,0,1,0,10,0,0
3292,2,03/06/2023 00:00,1,2,18,4,0,0,0,0,1,9,0,0
3295,2,04/06/2023 00:00,1,2,22,4,1,0,0,0,0,11,0,0
3298,2,05/06/2023 00:00,1,2,26,4,1,0,0,0,0,14,1,0
3301,2,06/06/2023 00:00,1,1,31,4,1,0,0,0,0,12,0,0
3304,2,07/06/2023 00:00,1,2,34,4,1,0,0,0,0,13,0,0
3307,2,08/06/2023 00:00,1,1,38,4,1,0,0,0,0,10,0,1
3310,2,09/06/2023 00:00,1,0,5,4,0,0,0,0,1,5,0,0
3313,2,10/06/2023 00:00,1,0,4,4,0,0,0,0,0,4,0,0
3316,2,11/06/2023 00:00,1,1,9,4,0,0,0,1,1,12,0,0
3319,2,12/06/2023 00:00,1,3,20,4,0,0,0,0,0,13,0,0
3322,2,13/06/2023 00:00,1,2,25,4,0,0,0,0,0,12,0,0
3325,2,14/06/2023 00:00,1,2,8,4,0,0,0,0,1,11,0,0
3328,2,15/06/2023 00:00,1,2,16,4,0,0,0,1,0,12,0,0
3331,2,16/06/2023 00:00,1,2,22,4,0,0,0,0,0,14,1,0
3334,2,17/06/2023 00:00,1,2,7,4,0,0,0,0,1,11,0,0
3337,2,18/06/2023 00:00,1,1,9,4,0,0,0,1,1,10,0,0
3340,2,19/06/2023 00:00,1,3,9,4,0,0,0,0,1,11,0,0
3343,2,20/06/2023 00:00,1,1,15,4,0,0,0,0,1,8,0,0
3346,2,21/06/2023 00:00,1,0,4,4,0,0,0,1,0,5,0,0
3349,2,22/06/2023 00:00,1,0,9,4,0,0,0,0,0,5,0,0
3352,2,23/06/2023 00:00,1,0,6,4,0,0,0,0,1,6,0,0
3355,2,24/06/2023 00:00,1,2,17,4,1,0,0,0,0,11,0,0
3358,2,25/06/2023 00:00,1,2,17,4,1,0,0,0,0,13,0,0
3361,2,26/06/2023 00:00,1,1,23,4,1,0,0,0,0,11,0,0
3364,2,27/06/2023 00:00,1,2,32,4,1,0,0,0,0,13,1,0
3367,2,28/06/2023 00:00,1,1,40,4,1,0,0,0,0,12,0,1
3370,2,29/06/2023 00:00,1,2,11,4,0,0,0,0,0,14,0,0
3373,2,30/06/2023 00:00,1,2,12,4,0,0,0,0,1,11,0,0
3376,2,01/07/2023 00:00,1,0,7,4,0,0,0,0,1,5,0,0
3379,2,02/07/2023 00:00,1,1,15,4,0,0,0,1,0,10,0,0
3382,2,03/07/2023 00:00,1,2,15,4,0,0,0,0,1,9,0,0
3385,2,04/07/2023 00:00,1,2,16,4,1,0,0,0,0,8,1,0
3388,2,05/07/2023 00:00,1,2,12,4,1,0,0,0,0,10,0,0
3391,2,06/07/2023 00:00,1,2,17,4,1,0,0,0,0,12,0,0
3394,2,07/07/2023 00:00,1,1,23,4,1,0,0,0,0,11,0,0
3397,2,08/07/2023 00:00,1,2,30,4,1,0,0,0,0,12,0,0
3400,2,09/07/2023 00:00,1,1,34,4,1,0,0,0,0,14,0,1
3403,2,10/07/2023 00:00,1,2,10,4,0,0,0,0,0,12,0,0
3406,2,11/07/2023 00:00,1,2,12,4,0,0,0,0,1,14,0,0
3409,2,12/07/2023 00:00,1,2,11,4,0,0,0,0,1,11,0,0
3412,2,13/07/2023 00:00,1,1,13,4,0,0,0,1,1,9,0,0
3415,2,14/07/2023 00:00,1,2,14,4,0,0,0,1,0,7,0,0
3418,2,15/07/2023 00:00,1,3,22,4,0,0,0,0,0,12,1,0
3421,2,16/07/2023 00:00,1,1,10,4,0,0,0,1,1,9,0,0
3424,2,17/07/2023 00:00,1,0,6,4,0,0,0,0,1,4,0,0
3427,2,18/07/2023 00:00,1,0,7,4,0,0,0,0,0,6,0,0
3430,2,19/07/2023 00:00,1,1,7,4,0,0,0,1,1,12,0,0
3433,2,20/07/2023 00:00,1,3,19,4,0,0,0,0,0,14,0,0
3436,2,21/07/2023 00:00,1,2,26,4,0,0,0,0,0,13,0,0
3439,2,22/07/2023 00:00,1,2,10,4,0,0,0,0,1,13,0,0
3442,2,23/07/2023 00:00,1,2,15,4,0,0,0,1,0,12,0,0
3445,2,24/07/2023 00:00,1,2,24,4,0,0,0,0,0,14,1,0
3448,2,25/07/2023 00:00,1,2,12,4,0,0,0,0,1,11,0,0
3451,2,26/07/2023 00:00,1,1,7,4,0,0,0,1,1,10,0,0
3454,2,27/07/2023 00:00,1,3,14,4,0,0,0,0,1,11,0,0
3457,2,28/07/2023 00:00,1,1,17,4,0,0,0,0,1,8,0,0
3460,2,29/07/2023 00:00,1,0,4,4,0,0,0,1,0,5,0,0
3463,2,30/07/2023 00:00,1,0,9,4,0,0,0,0,0,5,0,0
3466,2,31/07/2023 00:00,1,0,7,4,0,0,0,0,1,5,0,0
3469,2,01/08/2023 00:00,1,1,15,4,0,0,0,1,0,10,0,0
3472,2,02/08/2023 00:00,1,2,15,4,0,0,0,0,1,9,0,0
3475,2,03/08/2023 00:00,1,2,16,4,1,0,0,0,0,8,1,0
3478,2,04/08/2023 00:00,1,2,12,4,1,0,0,0,0,10,0,0
3481,2,05/08/2023 00:00,1,2,17,4,1,0,0,0,0,12,0,0
3484,2,06/08/2023 00:00,1,1,23,4,1,0,0,0,0,11,0,0
3487,2,07/08/2023 00:00,1,2,30,4,1,0,0,0,0,12,0,0
3490,2,08/08/2023 00:00,1,1,34,4,1,0,0,0,0,14,0,1
3493,2,09/08/2023 00:00,1,2,10,4,0,0,0,0,0,12,0,0
3496,2,10/08/2023 00:00,1,2,12,4,0,0,0,0,1,14,0,0
3499,2,11/08/2023 00:00,1,2,11,4,0,0,0,0,1,11,0,0
3502,2,12/08/2023 00:00,1,1,13,4,0,0,0,1,1,9,0,0
3505,2,13/08/2023 00:00,1,2,14,4,0,0,0,1,0,7,0,0
3508,2,14/08/2023 00:00,1,3,22,4,0,0,0,0,0,12,1,0
3511,2,15/08/2023 00:00,1,1,10,4,0,0,0,1,1,9,0,0
3514,2,16/08/2023 00:00,1,0,6,4,0,0,0,0,1,4,0,0
3517,2,17/08/2023 00:00,1,0,7,4,0,0,0,0,0,6,0,0
3520,2,18/08/2023 00:00,1,1,7,4,0,0,0,1,1,12,0,0
3523,2,19/08/2023 00:00,1,3,19,4,0,0,0,0,0,14,0,0
3526,2,20/08/2023 00:00,1,2,26,4,0,0,0,0,0,13,0,0
3529,2,21/08/2023 00:00,1,2,10,4,0,0,0,0,1,13,0,0
3532,2,22/08/2023 00:00,1,2,15,4,0,0,0,1,0,12,0,0
3535,2,23/08/2023 00:00,1,2,24,4,0,0,0,0,0,14,1,0
3538,2,24/08/2023 00:00,1,2,12,4,0,0,0,0,1,11,0,0
3541,2,25/08/2023 00:00,1,1,7,4,0,0,0,1,1,10,0,0
3544,2,26/08/2023 00:00,1,3,14,4,0,0,0,0,1,11,0,0
3547,2,27/08/2023 00:00,1,1,17,4,0,0,0,0,1,8,0,0
3550,2,28/08/2023 00:00,1,0,4,4,0,0,0,1,0,5,0,0
3553,2,29/08/2023 00:00,1,0,9,4,0,0,0,0,0,5,0,0
3556,2,30/08/2023 00:00,1,0,7,4,0,0,0,0,1,5,0,0
3559,2,31/08/2023 00:00,1,1,15,4,0,0,0,1,0,10,0,0
3562,2,01/09/2023 00:00,1,2,15,4,0,0,0,0,1,9,0,0
3565,2,02/09/2023 00:00,1,2,16,4,1,0,0,0,0,8,1,0
3568,2,03/09/2023 00:00,1,2,12,4,1,0,0,0,0,10,0,0
3571,2,04/09/2023 00:00,1,2,17,4,1,0,0,0,0,12,0,0
3574,2,05/09/2023 00:00,1,1,23,4,1,0,0,0,0,11,0,0
3577,2,06/09/2023 00:00,1,2,30,4,1,0,0,0,0,12,0,0
3580,2,07/09/2023 00:00,1,1,34,4,1,0,0,0,0,14,0,1
3583,2,08/09/2023 00:00,1,2,10,4,0,0,0,0,0,12,0,0
3586,2,09/09/2023 00:00,1,2,12,4,0,0,0,0,1,14,0,0
3589,2,10/09/2023 00:00,1,2,11,4,0,0,0,0,1,11,0,0
3592,2,11/09/2023 00:00,1,1,13,4,0,0,0,1,1,9,0,0
,,,,,,,,,,,,,,
,,,,,,,,,,,,,,
,,,,,,,,,,,,,,
,,,,,,,,,,,,,,
,,,,,,,,,,,,,,
,,,,,,,,,,,,,,
,,,,,,,,,,,,,,
,,,,,,,,,,,,,,
,,,,,,,,,,,,,,
,,,,,,,,,,,,,,
,,,,,,,,,,,,,,
,,,,,,,,,,,,,,
,,,,,,,,,,,,,,
,,,,,,,,,,,,,,
,,,,,,,,,,,,,,
,,,,,,,,,,,,,,
,,,,,,,,,,,,,,
,,,,,,,,,,,,,,
,,,,,,,,,,,,,,
,,,,,,,,,,,,,,
,,,,,,,,,,,,,,
,,,,,,,,,,,,,,
,,,,,,,,,,,,,,
,,,,,,,,,,,,,,
,,,,,,,,,,,,,,
,,,,,,,,,,,,,,
,,,,,,,,,,,,,,
,,,,,,,,,,,,,,
,,,,,,,,,,,,,,
,,,,,,,,,,,,,,
,,,,,,,,,,,,,,
,,,,,,,,,,,,,,
,,,,,,,,,,,,,,
,,,,,,,,,,,,,,
,,,,,,,,,,,,,,
,,,,,,,,,,,,,,
,,,,,,,,,,,,,,
,,,,,,,,,,,,,,
,,,,,,,,,,,,,,
,,,,,,,,,,,,,,
,,,,,,,,,,,,,,
,,,,,,,,,,,,,,
,,,,,,,,,,,,,,
,,,,,,,,,,,,,,
,,,,,,,,,,,,,,
,,,,,,,,,,,,,,
,,,,,,,,,,,,,,
,,,,,,,,,,,,,,
,,,,,,,,,,,,,,
,,,,,,,,,,,,,,
,,,,,,,,,,,,,,
,,,,,,,,,,,,,,
,,,,,,,,,,,,,,
,,,,,,,,,,,,,,
,,,,,,,,,,,,,,
,,,,,,,,,,,,,,
,,,,,,,,,,,,,,
,,,,,,,,,,,,,,
,,,,,,,,,,,,,,
,,,,,,,,,,,,,,
,,,,,,,,,,,,,,
,,,,,,,,,,,,,,
,,,,,,,,,,,,,,
,,,,,,,,,,,,,,
,,,,,,,,,,,,,,
,,,,,,,,,,,,,,
,,,,,,,,,,,,,,
,,,,,,,,,,,,,,
,,,,,,,,,,,,,,
,,,,,,,,,,,,,,
,,,,,,,,,,,,,,
,,,,,,,,,,,,,,
,,,,,,,,,,,,,,
,,,,,,,,,,,,,,
,,,,,,,,,,,,,,
,,,,,,,,,,,,,,
,,,,,,,,,,,,,,
,,,,,,,,,,,,,,
,,,,,,,,,,,,,,
,,,,,,,,,,,,,,
,,,,,,,,,,,,,,
,,,,,,,,,,,,,,
,,,,,,,,,,,,,,
,,,,,,,,,,,,,,
,,,,,,,,,,,,,,
,,,,,,,,,,,,,,
,,,,,,,,,,,,,,
,,,,,,,,,,,,,,
,,,,,,,,,,,,,,
,,,,,,,,,,,,,,
,,,,,,,,,,,,,,
,,,,,,,,,,,,,,
,,,,,,,,,,,,,,
,,,,,,,,,,,,,,
,,,,,,,,,,,,,,
,,,,,,,,,,,,,,
,,,,,,,,,,,,,,
,,,,,,,,,,,,,,
,,,,,,,,,,,,,,
,,,,,,,,,,,,,,
,,,,,,,,,,,,,,
,,,,,,,,,,,,,,
,,,,,,,,,,,,,,
,,,,,,,,,,,,,,
,,,,,,,,,,,,,,
,,,,,,,,,,,,,,
,,,,,,,,,,,,,,
,,,,,,,,,,,,,,
,,,,,,,,,,,,,,
,,,,,,,,,,,,,,
,,,,,,,,,,,,,,
,,,,,,,,,,,,,,
,,,,,,,,,,,,,,
,,,,,,,,,,,,,,
,,,,,,,,,,,,,,
,,,,,,,,,,,,,,
,,,,,,,,,,,,,,
,,,,,,,,,,,,,,
,,,,,,,,,,,,,,
,,,,,,,,,,,,,,
,,,,,,,,,,,,,,
,,,,,,,,,,,,,,
,,,,,,,,,,,,,,
,,,,,,,,,,,,,,
,,,,,,,,,,,,,,
,,,,,,,,,,,,,,
,,,,,,,,,,,,,,
,,,,,,,,,,,,,,
,,,,,,,,,,,,,,
,,,,,,,,,,,,,,
,,,,,,,,,,,,,,
,,,,,,,,,,,,,,
,,,,,,,,,,,,,,
,,,,,,,,,,,,,,
,,,,,,,,,,,,,,
,,,,,,,,,,,,,,
,,,,,,,,,,,,,,
,,,,,,,,,,,,,,
,,,,,,,,,,,,,,
,,,,,,,,,,,,,,
,,,,,,,,,,,,,,
,,,,,,,,,,,,,,
,,,,,,,,,,,,,,
,,,,,,,,,,,,,,
,,,,,,,,,,,,,,
,,,,,,,,,,,,,,
,,,,,,,,,,,,,,
,,,,,,,,,,,,,,
,,,,,,,,,,,,,,
,,,,,,,,,,,,,,
,,,,,,,,,,,,,,
,,,,,,,,,,,,,,
,,,,,,,,,,,,,,
,,,,,,,,,,,,,,
,,,,,,,,,,,,,,
,,,,,,,,,,,,,,
,,,,,,,,,,,,,,
,,,,,,,,,,,,,,
,,,,,,,,,,,,,,
,,,,,,,,,,,,,,
,,,,,,,,,,,,,,
,,,,,,,,,,,,,,
,,,,,,,,,,,,,,
,,,,,,,,,,,,,,
,,,,,,,,,,,,,,
,,,,,,,,,,,,,,
,,,,,,,,,,,,,,
,,,,,,,,,,,,,,
,,,,,,,,,,,,,,
,,,,,,,,,,,,,,
,,,,,,,,,,,,,,
,,,,,,,,,,,,,,
,,,,,,,,,,,,,,
,,,,,,,,,,,,,,
,,,,,,,,,,,,,,
,,,,,,,,,,,,,,
,,,,,,,,,,,,,,
,,,,,,,,,,,,,,
,,,,,,,,,,,,,,
,,,,,,,,,,,,,,
,,,,,,,,,,,,,,
,,,,,,,,,,,,,,
,,,,,,,,,,,,,,
,,,,,,,,,,,,,,
,,,,,,,,,,,,,,
,,,,,,,,,,,,,,
,,,,,,,,,,,,,,
,,,,,,,,,,,,,,
,,,,,,,,,,,,,,
,,,,,,,,,,,,,,
,,,,,,,,,,,,,,
,,,,,,,,,,,,,,
,,,,,,,,,,,,,,
,,,,,,,,,,,,,,
,,,,,,,,,,,,,,
,,,,,,,,,,,,,,
,,,,,,,,,,,,,,
,,,,,,,,,,,,,,
,,,,,,,,,,,,,,
,,,,,,,,,,,,,,
,,,,,,,,,,,,,,
,,,,,,,,,,,,,,
,,,,,,,,,,,,,,
,,,,,,,,,,,,,,
,,,,,,,,,,,,,,
,,,,,,,,,,,,,,
,,,,,,,,,,,,,,
,,,,,,,,,,,,,,
,,,,,,,,,,,,,,
,,,,,,,,,,,,,,
,,,,,,,,,,,,,,
,,,,,,,,,,,,,,
,,,,,,,,,,,,,,
,,,,,,,,,,,,,,
,,,,,,,,,,,,,,
,,,,,,,,,,,,,,
,,,,,,,,,,,,,,
,,,,,,,,,,,,,,
,,,,,,,,,,,,,,
,,,,,,,,,,,,,,
,,,,,,,,,,,,,,
,,,,,,,,,,,,,,
,,,,,,,,,,,,,,
,,,,,,,,,,,,,,
,,,,,,,,,,,,,,
,,,,,,,,,,,,,,
,,,,,,,,,,,,,,
,,,,,,,,,,,,,,
,,,,,,,,,,,,,,
,,,,,,,,,,,,,,
,,,,,,,,,,,,,,
,,,,,,,,,,,,,,
,,,,,,,,,,,,,,
,,,,,,,,,,,,,,
,,,,,,,,,,,,,,
,,,,,,,,,,,,,,
,,,,,,,,,,,,,,
,,,,,,,,,,,,,,
,,,,,,,,,,,,,,
,,,,,,,,,,,,,,
,,,,,,,,,,,,,,
,,,,,,,,,,,,,,
,,,,,,,,,,,,,,
,,,,,,,,,,,,,,
,,,,,,,,,,,,,,
,,,,,,,,,,,,,,
,,,,,,,,,,,,,,
,,,,,,,,,,,,,,
,,,,,,,,,,,,,,
,,,,,,,,,,,,,,
,,,,,,,,,,,,,,
,,,,,,,,,,,,,,
,,,,,,,,,,,,,,
,,,,,,,,,,,,,,
,,,,,,,,,,,,,,
,,,,,,,,,,,,,,
,,,,,,,,,,,,,,
,,,,,,,,,,,,,,
,,,,,,,,,,,,,,
,,,,,,,,,,,,,,
,,,,,,,,,,,,,,
,,,,,,,,,,,,,,
,,,,,,,,,,,,,,
,,,,,,,,,,,,,,
,,,,,,,,,,,,,,
,,,,,,,,,,,,,,
,,,,,,,,,,,,,,
,,,,,,,,,,,,,,
,,,,,,,,,,,,,,
,,,,,,,,,,,,,,
,,,,,,,,,,,,,,
,,,,,,,,,,,,,,
,,,,,,,,,,,,,,
,,,,,,,,,,,,,,
,,,,,,,,,,,,,,
,,,,,,,,,,,,,,
,,,,,,,,,,,,,,
,,,,,,,,,,,,,,
,,,,,,,,,,,,,,
,,,,,,,,,,,,,,
,,,,,,,,,,,,,,
,,,,,,,,,,,,,,
,,,,,,,,,,,,,,
,,,,,,,,,,,,,,
,,,,,,,,,,,,,,
,,,,,,,,,,,,,,
,,,,,,,,,,,,,,
,,,,,,,,,,,,,,
,,,,,,,,,,,,,,
,,,,,,,,,,,,,,
,,,,,,,,,,,,,,
,,,,,,,,,,,,,,
,,,,,,,,,,,,,,
